name;serving_size;energy_kcal;protein_g;carbohydrate_g;fat_g;sugar_g;sodium_mg;fiber_g
Ikan sunu; mentah;Tidak Diketahui;20.30 g;199.0;34.1;7.1;3.8;0.0
Soto pekalongan;Tidak Diketahui;1.30 g;94.0;3.0;5.1;6.8;0.0;0.0
Marie duo;1 g;15.0;1.0;14.0;3.5;5.0;85.0;1.0
Kaparende;Tidak Diketahui;1.30 g;38.0;2.4;2.6;2.0;0.0;170.0
Kacang lebui / iris;3.60 g;346.0;16.5;66.6;1.5;0.0;17.0;37.3
The coffe bean & tea leaf pure vanilla ice blended drink;15 g;410.0;15.0;70.0;9.0;63.0;0.0;0.0
Dairy queen banana split;4 g;520.0;9.0;92.0;14.0;72.0;0.0;4.0
Gembili; segar;Tidak Diketahui;1 g;131.0;1.1;31.3;0.2;0.0
Baked lotus paste mooncake with two egg yolks;0.85 g;223.0;4.05;20.5;13.79;0.0;0.0;0.85
Cumi-cumi;0.90 g;75.0;16.1;0.1;0.7;0.0;37.0;0.0
Kunyit;Tidak Diketahui;1.30 g;69.0;2.0;9.1;2.7;0.0;6.0
The coffe bean & tea leaf black forest ice blended drink;12 g;490.0;12.0;89.0;10.0;76.0;0.0;0.0
Coklat silverqueen almond;4 g;170.0;4.0;14.0;11.0;11.0;0.0;0.0
Daun gedi besar;Tidak Diketahui;2.40 g;58.0;2.9;10.0;0.7;0.0;30.0
Kopi hitam tanpa gula;0.28 g;2.0;0.28;0.09;0.05;0.0;0.0;0.0
Tumis keumamah;4.30 g;300.0;14.5;15.5;20.0;0.0;0.0;4.5
Regal Biskuit Marie;1 g;70.0;1.0;12.0;2.0;0.0;45.0;0.0
Teh hijau daun kering;5.60 g;300.0;28.3;53.6;4.8;0.0;60.0;9.6
Susu ultra milk rasa coklat 200 ml;6 g;160.0;6.0;24.0;4.0;0.0;45.0;0.0
Frisian flag putih (kental manis);1 g;140.0;1.0;23.0;4.0;19.0;0.0;0.0
Sedaap Kecap Manis;1 g;70.0;1.0;16.0;0.0;13.0;290.0;0.0
Outback steackhouse slow roasted prime rib;46 g;700.0;46.0;0.0;57.0;0.0;0.0;0.0
Es krim Diamond vanilla;2 g;110.0;2.0;12.0;6.0;9.0;0.0;0.0
Genjer;Tidak Diketahui;0.40 g;35.0;1.7;7.7;0.2;0.0;64.0
Taoge kacang kedelai;Tidak Diketahui;1 g;76.0;9.0;6.4;2.6;0.0;5.0
Renggi Goreng;0.60 g;471.0;4.7;64.1;21.8;0.0;126.0;6.4
Saus Char siu (chinese BBQ);0 g;60.0;0.0;14.0;0.0;13.0;0.0;0.0
Daun kedongdong;Tidak Diketahui;1.80 g;59.0;3.5;13.4;0.3;0.0;12.0
Semur jengkol;2.20 g;212.0;6.0;29.1;10.0;0.0;0.0;0.0
Chatime taro milk tea;2 g;399.0;2.0;70.0;12.0;54.5;0.0;0.0
Biokul natural set yogurt;5 g;70.0;5.0;10.0;1.0;3.0;0.0;0.0
Kambose;0.70 g;164.0;3.0;32.6;2.4;0.0;0.0;4.3
Sarden ABC saus tomat;12 g;100.0;12.0;9.0;2.0;2.0;0.0;0.0
Parede baleh;Tidak Diketahui;1.50 g;87.0;10.5;5.5;2.5;0.0;416.0
Nasi gurih;1.30 g;190.0;4.7;26.0;7.5;0.0;296.0;0.7
You C100 Orange water;0 g;160.0;0.0;40.0;0.0;40.0;0.0;0.0
Diamond Milk Susu UHT Full Cream;6 g;120.0;6.0;10.0;6.0;0.0;100.0;0.0
Kacang tolo / tunggak;3.60 g;331.0;24.4;56.6;1.9;0.0;15.0;1.6
Babi; kurus; segar;Tidak Diketahui;0.90 g;371.0;14.1;0.0;35.0
Keripik tempe abadi besar;2.80 g;556.0;15.8;39.8;37.1;0.0;0.0;3.5
Sunduk lawang;1 g;181.0;1.9;32.4;1.3;0.0;0.0;0.0
Jengkol;Tidak Diketahui;0.90 g;192.0;5.4;40.7;0.3;0.0;60.0
Ketan putih;Tidak Diketahui;0.20 g;163.0;3.0;35.7;0.4;0.0;8.0
Susu Ultra Milk Rasa coklat 1000 ml;8 g;45.0;8.0;30.0;5.0;24.0;55.0;0.0
Jagung kuning;Tidak Diketahui;1.20 g;355.0;9.2;73.7;3.9;0.0;11.0
Padamaran;0.80 g;171.0;3.9;18.8;8.9;0.0;0.0;0.0
Beras tumbuk merah;Tidak Diketahui;1 g;352.0;7.3;76.2;0.9;0.0;10.0
Karawila;0.30 g;25.0;2.3;3.5;0.2;0.0;8.0;2.1
Ikan teri nasi; mentah;Tidak Diketahui;32.40 g;144.0;32.5;0.0;0.6;0.0
Nutrisari Yuzu Orange;0 g;45.0;0.0;10.0;0.0;9.0;20.0;0.0
Sate pusut;Tidak Diketahui;2.80 g;274.0;12.9;13.6;18.6;0.0;609.0
Kue bangen;2.20 g;442.0;3.3;74.2;14.7;0.0;0.0;0.0
Burger Carl's Jr the big carl;3 g;920.0;47.0;56.0;58.0;12.0;0.0;3.0
Coklat manis batang;4.10 g;527.0;2.0;62.7;29.8;0.0;6.0;6.5
Moon tahu;0.80 g;128.0;8.0;1.3;10.0;0.0;393.0;0.2
Bakwan;2.10 g;280.0;8.2;39.0;10.2;0.0;0.0;3.4
Roti boong;1 g;341.0;5.5;43.3;16.2;0.0;161.0;0.0
nestle honey star sereal;1 g;110.0;1.0;25.0;1.0;0.0;10.0;0.0
Es krim Wall's oreo chocolate;1 g;140.0;2.0;21.0;4.0;15.0;0.0;1.0
Minyak hati hiu;0 g;902.0;0.0;0.0;100.0;0.0;0.0;0.0
Onde-onde;0.60 g;336.0;4.0;57.9;9.8;0.0;0.0;0.0
Sarimi isi 2 ayam bawang;3 g;510.0;13.0;70.0;20.0;3.0;0.0;3.0
Mie Kuah Gaga 100 Xtra Pedas  Jalapeno;9 g;120.0;9.0;43.0;13.0;2.0;1320.0;0.0
Kin bulgarian style yogurt strawberry;4 g;35.0;4.0;29.0;3.5;27.0;50.0;0.0
Lumai / leunca;Tidak Diketahui;0.50 g;38.0;1.1;7.6;0.3;0.0;2.0
Keripik tempe abadi prima;2.60 g;540.0;16.7;42.0;33.9;0.0;0.0;2.2
Hokben Chicken karaage;25 g;340.0;25.0;15.0;20.5;0.0;0.0;0.0
Kwaci;3.70 g;515.0;30.6;13.8;42.1;0.0;124.0;13.6
Sawo duren;0.60 g;64.0;1.0;8.0;3.1;0.0;13.0;0.8
Subway Turkey breast sandwich;5 g;280.0;18.0;46.0;3.5;7.0;0.0;5.0
Qtela Tempe;4 g;110.0;4.0;8.0;7.0;0.0;0.0;0.0
Telur burung maleo;Tidak Diketahui;0.80 g;436.0;26.5;0.4;36.3;0.0;77.0
Marie salut cokelat;1 g;90.0;1.0;13.0;3.5;6.0;35.0;0.0
Nabati HANSEL;2 g;70.0;2.0;7.0;4.0;5.0;30.0;0.0
Kacang panjang biji;0.40 g;357.0;17.3;68.6;1.5;0.0;16.0;10.6
Koro roay;3 g;344.0;12.5;69.4;2.1;0.0;18.0;7.5
Bolu peca;0.90 g;197.0;3.3;35.6;4.6;0.0;0.0;0.0
air putih / air mineral / air minum;0 g;0.0;0.0;0.0;0.0;0.0;0.0;0.0
Mr. Bread Roti tawar gandum;2.50 g;199.0;7.0;36.0;3.0;2.0;487.0;2.5
Kacang hijau var. Siwalik;Tidak Diketahui;3.70 g;339.0;20.8;64.6;2.1;0.0;45.0
Ikan Lehoma;Tidak Diketahui;1.10 g;90.0;20.4;0.0;0.9;0.0;56.0
Wingko babat;0.70 g;355.0;3.2;51.4;15.1;0.0;0.0;2.4
Permen frozz mint;0 g;0.0;0.0;1.0;0.0;0.0;0.0;0.0
Daun kecipir;Tidak Diketahui;1 g;52.0;5.0;8.5;0.5;0.0;6.0
Frisian flag french vanilla low fat;7 g;110.0;7.0;16.0;2.5;16.0;110.0;0.0
Cumi-cumi goreng;3.10 g;265.0;40.6;0.0;10.1;0.0;86.0;0.0
Melinjo emping tipis goreng;1.50 g;485.0;11.5;59.1;24.5;0.0;0.0;0.0
Apem;Tidak Diketahui;0.50 g;148.0;2.0;33.9;0.5;0.0;0.0
Beef teriyaki;0.90 g;151.0;8.6;22.3;3.1;0.0;377.0;0.3
Saori Saus Tiram;0 g;5.0;0.0;2.0;0.0;0.0;290.0;0.0
Ketan hitam;Tidak Diketahui;0.60 g;166.0;3.8;34.4;1.0;0.0;5.0
Gete kuah asam;Tidak Diketahui;3.80 g;75.0;8.2;6.0;2.0;0.0;260.0
Duwet;Tidak Diketahui;0.50 g;80.0;0.5;18.2;0.6;0.0;16.0
Mie Lemonilo ayam bawang;3 g;267.0;9.0;49.0;4.0;1.0;948.0;3.0
Bouiki ninahu nggaluku;Tidak Diketahui;5.30 g;94.0;7.8;10.8;2.2;0.0;58.0
Coklat pahit batang;10.10 g;615.0;5.5;29.2;42.6;0.0;20.0;10.8
Supermi ayam Bawang;4 g;130.0;7.0;46.0;15.0;2.0;1030.0;4.0
Coco pops;1 g;120.0;2.0;26.0;0.5;12.0;0.0;1.0
Buah naga merah;Tidak Diketahui;0.40 g;71.0;1.7;9.1;3.1;0.0;10.0
Gulai keumamah;Tidak Diketahui;1.30 g;110.0;5.9;3.2;8.2;0.0;335.0
Ampas tahu kukus;0.60 g;75.0;4.1;10.7;2.1;0.0;0.0;5.1
Cold Stone Creamery chocolate Devotion;3 g;870.0;13.0;108.0;45.0;91.0;0.0;3.0
Lepok / Ubi rumput;0.90 g;181.0;2.8;39.8;1.2;0.0;116.0;10.7
Rajungan;Tidak Diketahui;2.70 g;76.0;12.1;2.4;2.0;0.0;69.0
Permen mentos peppermint;0 g;5.0;0.0;1.0;0.0;0.0;0.0;0.0
Pop mie kuah pedes dower;3 g;360.0;6.0;46.0;16.0;4.0;0.0;3.0
Ketimun madura;Tidak Diketahui;0.40 g;9.0;0.5;1.9;0.1;0.0;2.0
Getuk goreng;1.50 g;360.0;1.3;74.3;6.4;0.0;0.0;0.8
Laksa/Putu mayang;0.60 g;121.0;1.7;21.1;3.4;0.0;0.0;0.0
Ultramilk law fat source of calcium;7 g;90.0;7.0;11.0;2.5;0.0;105.0;0.0
Kacang urei;3.30 g;354.0;12.8;69.3;1.8;0.0;1.0;26.1
Ganyong;Tidak Diketahui;0.90 g;77.0;0.6;18.4;0.2;0.0;0.0
Keju;5.30 g;326.0;22.8;13.1;20.3;0.0;1410.0;0.0
Bebek (itik); segar;Tidak Diketahui;1.10 g;321.0;16.0;0.0;28.6;0.0
Sagu Lemak (Kue Sagon);0.70 g;452.0;2.8;76.8;14.8;0.0;182.0;1.1
Buah kelenting;Tidak Diketahui;1.20 g;110.0;1.4;21.4;2.1;0.0;2.0
Masekat;0.80 g;369.0;2.1;74.1;7.0;0.0;141.0;4.0
Bakpia;Tidak Diketahui;1.60 g;272.0;8.7;44.1;6.7;0.0;0.0
Coklat susu batang;1.40 g;565.0;9.0;53.6;35.0;0.0;100.0;3.4
Es teh manis;0.02 g;90.0;0.02;23.44;0.0;0.0;0.0;0.0
Cap cai / capcay / cap cay;Tidak Diketahui;1 g;97.0;5.8;4.2;6.3;0.0;405.0
Keju cheddar;22.87 g;404.0;22.87;3.09;33.31;0.0;0.0;0.0
Sawo kecik;1.40 g;111.0;0.9;21.6;2.3;0.0;28.0;1.0
Keju kraft cheddar;4 g;70.0;4.0;2.0;5.0;0.0;0.0;0.0
Starbucks hot caffe mocha (notfat milk);13 g;250.0;13.0;42.0;2.5;0.0;0.0;0.0
Koya;0.80 g;366.0;4.2;77.5;4.3;0.0;0.0;0.8
Mi golosor;0.20 g;71.0;0.2;15.9;0.8;0.0;0.0;0.1
Good day cappuccino;1 g;170.0;1.0;32.0;3.5;25.0;0.0;1.0
Susu asam untuk bayi;Tidak Diketahui;4 g;418.0;19.0;65.5;9.0;0.0;188.0
Kacang bogor kering;3 g;370.0;16.0;65.0;6.0;0.0;44.0;26.3
Khong guan malkist seaweed;1 g;90.0;1.0;12.0;3.5;2.0;0.0;0.0
Cantel / sorgum;Tidak Diketahui;1.70 g;366.0;11.0;73.0;3.3;0.0;7.0
Daun bluntas;Tidak Diketahui;2.30 g;44.0;1.8;9.4;0.5;0.0;0.0
Margarine;2.50 g;720.0;0.6;0.4;81.0;0.0;760.0;0.0
Pocari sweat;0 g;70.0;0.0;17.0;0.0;16.0;0.0;0.0
Starbucks iced caffe latte (wholemilk);8 g;120.0;8.0;13.0;7.0;0.0;0.0;0.0
Susu kental manis;1.80 g;343.0;8.2;55.0;10.0;0.0;150.0;0.0
Royco sup krim ayam;2 g;50.0;2.0;9.0;1.0;2.0;710.0;0.0
Keong;Tidak Diketahui;4 g;64.0;12.0;2.0;1.0;0.0;231.0
Daging Ayam ;Tidak Diketahui;0.90 g;298.0;18.2;0.0;25.0;0.0;109.0
Babi; gemuk; segar;Tidak Diketahui;1.10 g;453.0;11.9;0.0;45.0
Daun pangi;Tidak Diketahui;1.50 g;104.0;3.9;17.9;0.6;0.0;4.0
Snow skin lotus paste mooncake;1.16 g;187.0;2.12;26.36;8.04;0.0;0.0;1.16
Adem sari herbal lemon;0 g;60.0;0.0;16.0;0.0;14.0;65.0;0.0
Pucuk lumai / daun leunca;Tidak Diketahui;1.30 g;33.0;4.5;2.8;0.4;0.0;2.0
Ayam goreng church texas;Tidak Diketahui;1.30 g;295.0;34.0;1.5;16.0;0.0;771.0
Wortel rebus;0.40 g;28.0;0.7;6.3;0.5;0.0;41.0;0.8
Babi; segar;Tidak Diketahui;1.50 g;129.0;19.7;1.7;4.8;0.0
Gekikara ramen 109 gram;6 g;160.0;9.0;74.0;18.0;4.0;1200.0;6.0
Kopi Indocafe coffemix 3 in 1;1 g;90.0;1.0;17.0;2.0;13.0;0.0;0.0
Sprite 390 ml;0 g;0.0;0.0;25.0;0.0;25.0;40.0;0.0
Nutri boost orange;2 g;170.0;2.0;37.0;1.5;0.0;180.0;0.0
Ketan putih;Tidak Diketahui;0.10 g;172.0;3.0;37.5;0.5;0.0;1.0
Rempeyek kacang tanah;1.80 g;513.0;17.5;44.3;32.5;0.0;0.0;1.7
Kacang merah / banda;3.20 g;350.0;13.9;66.9;3.0;0.0;19.0;26.3
Kacang gude;Tidak Diketahui;2.30 g;114.0;7.0;20.8;0.6;0.0;4.0
Mr. Bread Roti tawar choco chips;2 g;227.0;7.0;38.5;5.0;8.0;286.0;2.0
Royco kaldu sapi;0 g;0.0;0.0;0.0;0.0;0.0;0.0;0.0
Frisian Flag kental manis kemasan ekonomis 560 gram;1 g;140.0;1.0;23.0;40.0;19.0;25.0;0.0
Starbucks iced caffe latte (notfat milk);8 g;90.0;8.0;13.0;0.0;0.0;0.0;0.0
Starbucks hot caffe latte (notfat milk);13 g;130.0;13.0;20.0;0.0;0.0;0.0;0.0
Tempe kedelai murni goreng;1.80 g;350.0;24.5;10.4;26.6;0.0;22.0;4.2
Chitato keripik kentang rasa original;1 g;100.0;1.0;12.0;5.0;0.0;60.0;0.0
Whiskey;0 g;250.0;0.0;0.1;0.0;0.0;0.0;0.0
Beras ketan hitam tumbuk;Tidak Diketahui;1.50 g;360.0;8.0;74.5;2.3;0.0;11.0
Khong Guan Malkist abon;2 g;80.0;2.0;13.0;3.0;3.0;0.0;0.0
Oreo;1 g;140.0;1.0;21.0;6.0;11.0;0.0;1.0
kurma;20.53 g;282.0;2.45;75.03;0.39;0.0;2.0;7.99
Nopia spesial;1.30 g;387.0;5.3;74.3;7.6;0.0;0.0;0.3
Cheesecake Factory Oreo dream extreme cheesecake;7 g;1620.0;17.0;178.0;99.0;134.0;0.0;7.0
Sedaap Tasty bakmi ayam geprek matah;6 g;190.0;14.0;81.0;21.0;2.0;870.0;6.0
Sate bandeng;3.10 g;283.0;12.1;20.9;16.8;0.0;543.0;2.0
Daun kemang;Tidak Diketahui;1.70 g;43.0;5.5;7.5;0.3;0.0;10.0
Saus sambal ABC;0 g;28.0;0.0;6.0;0.0;5.0;0.0;0.0
Coklat Hershey's kisses milk chocolate;0.10 g;22.0;0.3;2.8;1.3;2.6;0.0;0.1
Ikan Tempahas;Tidak Diketahui;0.90 g;101.0;15.1;1.0;4.1;0.0;50.0
Sapi; kornet;Tidak Diketahui;6 g;289.0;16.0;0.0;25.0;0.0
Chitato fresh potato;1 g;110.0;1.0;12.0;6.0;0.0;0.0;0.0
Oncom ampas kacang hijau;1.70 g;376.0;14.9;65.7;6.0;0.0;0.0;12.3
good day mocacino;1 g;90.0;1.0;16.0;2.0;13.0;10.0;1.0
Lamtoro var. lokal dengan kulit;1.80 g;336.0;23.8;59.7;1.2;0.0;134.0;15.4
Teh botol sosro original;0 g;140.0;0.0;34.0;0.0;32.0;0.0;0.0
Daun leilem;Tidak Diketahui;1.80 g;76.0;2.8;15.8;0.2;0.0;6.0
Mcdonald Mc double;2 g;380.0;23.0;34.0;18.0;7.0;0.0;2.0
Keripik tempe abadi telur;2.90 g;529.0;20.8;40.2;31.7;0.0;0.0;3.0
Angsa;segar;Tidak Diketahui;1 g;349.0;16.4;0.0;31.5;0.0
Keripik tempe abadi sedang;3.10 g;510.0;12.3;52.4;27.9;0.0;0.0;3.6
Goodday Funtastic mocacinno;8 g;140.0;3.0;26.0;2.5;18.0;75.0;8.0
lovamil minuman khusus ibu hamil dan menyusui rasa kacang hijau;8 g;160.0;8.0;25.0;3.0;0.0;135.0;0.0
Wortel kukus;0.60 g;37.0;1.0;8.3;0.6;0.0;43.0;1.1
Mie bendo;0.20 g;353.0;0.3;88.0;0.0;0.0;9.0;2.4
Cheesecake Factory oreo milkshake;3 g;1680.0;27.0;183.0;94.0;131.0;0.0;3.0
Roma Marie Gold;2 g;90.0;2.0;15.0;3.0;4.0;0.0;0.0
Supermi Extra Mie Goreng rasa Ayam pangsit;10 g;510.0;10.0;70.0;21.0;0.0;1130.0;0.0
Buah mentega (Bisbul);Tidak Diketahui;0.40 g;39.0;0.7;9.7;0.2;0.0;1.0
Karedok;Tidak Diketahui;1.40 g;92.0;2.2;14.1;3.3;0.0;0.0
Mie sedap instan goreng kriuk;8 g;160.0;9.0;57.0;18.0;6.0;1170.0;8.0
Ice Cone;0 g;190.0;5.0;32.0;4.5;24.0;0.0;0.0
Ikan Balong;Tidak Diketahui;1.50 g;107.0;16.5;1.5;3.9;0.0;86.0
TOPOKI Mujigae;11 g;410.0;11.0;78.0;7.0;0.0;1390.0;0.0
ABC EXO milk coffe;2 g;160.0;8.0;24.0;24.0;22.0;0.0;2.0
Kalio jeroan;Tidak Diketahui;1.50 g;163.0;16.5;4.1;9.0;0.0;570.0
Starbucks butter croissant;1 g;260.0;5.0;27.0;15.0;5.0;0.0;1.0
Daun mengkudu;Tidak Diketahui;2 g;65.0;4.0;11.4;1.7;0.0;0.0
Sagu sinole;0.10 g;354.0;0.8;68.9;8.3;0.0;30.0;0.0
Nasi rames;0.60 g;155.0;10.3;19.1;4.2;0.0;265.0;0.0
MAESTRO MAYONAISE;0 g;90.0;0.0;2.0;9.0;0.0;210.0;0.0
Susu Ultra Milk Low Fat;7 g;90.0;7.0;11.0;2.5;0.0;105.0;0.0
Ikan Baronang;Tidak Diketahui;1.20 g;78.0;14.5;3.7;0.6;0.0;26.0
ROYCO BUMBU AYAM SAUS TELUR ASIN;1 g;30.0;1.0;2.0;1.5;0.0;50.0;0.0
Keju parmesan;28.42 g;420.0;28.42;13.91;27.84;0.0;0.0;0.0
Beras cerdas;2.60 g;350.0;2.7;82.3;1.1;0.0;358.0;6.2
Indomie Goreng Rasa Rendang;3 g;150.0;9.0;59.0;16.0;9.0;1060.0;3.0
Biokul plain yogurt;5 g;90.0;5.0;15.0;0.5;7.0;0.0;0.0
Mr. Bread Roti tawar kupas;1.50 g;119.0;4.5;21.5;2.0;1.0;209.0;1.5
Jukku pallu kaloa;Tidak Diketahui;2.30 g;15.0;15.2;8.8;4.3;0.0;605.0
Mcdonald Mcnugget;1 g;270.0;15.0;16.0;16.0;0.0;0.0;1.0
Ayam; segar;Tidak Diketahui;1.60 g;75.0;13.8;0.7;1.9;0.0
Teh Kotak Rasa Lemon;0 g;100.0;0.0;23.0;0.0;20.0;25.0;0.0
Jambu air;Tidak Diketahui;0.80 g;46.0;0.6;11.8;0.2;0.0;11.0
SUN Bubur Bayi;4 g;160.0;4.0;31.0;2.5;0.0;100.0;0.0
Eceng;Tidak Diketahui;2 g;19.0;1.0;3.8;0.2;0.0;45.0
Jagung muda;Tidak Diketahui;0.80 g;142.0;5.0;30.3;0.7;0.0;5.0
Getuk pisang;0.70 g;144.0;1.1;34.1;0.4;0.0;0.0;0.4
Lupis ketan;0.60 g;164.0;1.8;34.5;2.1;0.0;0.0;0.7
Jambu monyet;Tidak Diketahui;0.30 g;64.0;0.7;15.8;0.6;0.0;12.0
Kacang goyang;1.50 g;516.0;14.7;44.4;31.1;0.0;2.0;0.0
Mie Sedaap Cup Mi Kuah Soto;7 g;370.0;8.0;48.0;16.0;2.0;1070.0;7.0
Nutricake Brownies Coklat;2 g;160.0;2.0;33.0;2.5;0.0;90.0;0.0
Starbucks caffe americano;1 g;15.0;1.0;3.0;0.0;0.0;0.0;0.0
vanhouten cocoa powder;6 g;120.0;6.0;15.0;4.0;0.0;0.0;0.0
Bawang bombay;Tidak Diketahui;0.60 g;43.0;1.4;10.3;0.2;0.0;12.0
Tepung Arrowroot;0.30 g;355.0;0.7;85.2;0.2;0.0;2.0;0.4
Honey Stars;1 g;110.0;1.0;25.0;0.5;8.0;0.0;1.0
Kelawi; segar;Tidak Diketahui;1 g;118.0;1.5;27.2;0.3;0.0
Bagea kw 1;0.60 g;416.0;6.5;76.3;9.4;0.0;0.0;0.4
Tepung Mocaf;1.30 g;350.0;1.2;85.0;0.6;0.0;8.0;6.0
Indomie mi rendang;3 g;420.0;9.0;59.0;16.0;9.0;0.0;3.0
Mangga harumanis;Tidak Diketahui;0.80 g;46.0;0.4;11.9;0.2;0.0;2.0
Kaholeo;Tidak Diketahui;10.50 g;413.0;28.7;29.8;19.8;0.0;0.0
Origo coffe es kopi susu;6.23 g;191.0;6.23;25.88;7.22;20.51;0.0;0.0
Daun pare;Tidak Diketahui;1.60 g;49.0;2.7;8.4;1.0;0.0;7.0
Mie Sedaap instan white curry;2 g;360.0;8.0;50.0;14.0;3.0;840.0;2.0
Bantal;0.60 g;190.0;3.3;43.5;0.3;0.0;164.0;3.4
Sarimi Gelas Rasa Soto Ayam;2 g;60.0;3.0;16.0;7.0;2.0;940.0;2.0
MYTEA Teh Oolong 450 ml;0 g;0.0;0.0;18.0;0.0;0.0;20.0;0.0
Kuaci Rebo green tea;2 g;110.0;6.0;2.0;9.0;1.0;180.0;2.0
Nestle corn flakes;2 g;110.0;2.0;24.0;0.5;0.0;0.0;0.0
Mi ABC cup soto ayam;4 g;280.0;7.0;34.0;13.0;2.0;0.0;4.0
Kembang tahu;3.20 g;380.0;48.9;23.3;13.8;0.0;55.0;0.0
Ikan Bandeng;Tidak Diketahui;1.20 g;123.0;20.0;0.0;4.8;0.0;67.0
Kacang sukro;2.70 g;484.0;8.8;57.7;26.1;0.0;0.0;1.8
Susu dancow rasa coklat;5 g;160.0;5.0;23.0;6.0;0.0;100.0;0.0
Arrowroot;Tidak Diketahui;1.20 g;102.0;1.0;24.1;0.2;0.0;36.0
Starbucks cappuccino (wholemilk);7 g;140.0;7.0;12.0;7.0;0.0;0.0;0.0
kopi seduh;0.74 g;5.0;0.74;0.42;0.0;0.0;0.0;0.0
Cornetto Silverqueen;2 g;110.0;3.0;28.0;12.0;18.0;50.0;2.0
Mie Lemonilo kari ayam;2 g;270.0;8.0;48.0;5.0;1.0;1036.0;2.0
Bamboe Bumbu Rawon;1 g;15.0;1.0;2.0;1.5;1.0;1020.0;1.0
Kacang mete/biji jambu monyet goreng;2.50 g;629.0;20.4;19.8;56.3;0.0;13.0;1.1
Daun ndusuk;Tidak Diketahui;3 g;166.0;1.7;38.8;0.5;0.0;40.0
Kotiu hinela tawang nggole;1.90 g;46.0;2.2;6.0;1.5;0.0;316.0;3.8
Fruit Tea yuzu;0 g;220.0;0.0;54.0;0.0;50.0;0.0;0.0
yuzu tea;0 g;140.0;0.0;34.0;0.0;0.0;20.0;0.0
Keju Snow Brand Cheddar;5 g;100.0;5.0;2.0;8.0;0.0;360.0;0.0
Sonice Chicken nugget;16 g;250.0;16.0;14.0;14.0;0.0;0.0;0.0
KFC extra crispy paha bawah;10 g;170.0;10.0;5.0;12.0;0.0;0.0;0.0
Tony roma's onion loaf (full;Tidak Diketahui;23 g;1200.0;23.0;205.0;23.0;12.0;0.0
SUPERIOR Bihun Jagung urai;6 g;250.0;0.0;61.0;0.0;0.0;30.0;6.0
Roti warna sawo matang;0.90 g;249.0;7.9;49.7;1.5;0.0;500.0;0.0
Tauco cap DAS;Tidak Diketahui;7.60 g;358.0;7.5;70.4;4.3;0.0;0.0
Paria putih kukus;0.60 g;16.0;0.8;3.4;0.2;0.0;4.0;1.2
Daun jambu mente muda;Tidak Diketahui;0.70 g;78.0;4.6;16.2;0.5;0.0;14.0
Burger double whopper;2 g;900.0;48.0;49.0;58.0;11.0;0.0;2.0
Kacang hijau var. Bakti;Tidak Diketahui;3.10 g;350.0;17.1;70.7;1.8;0.0;46.0
Keripik tempe abadi murni;2.70 g;542.0;40.3;11.6;42.4;0.0;0.0;2.2
Tauco cap beruang;Tidak Diketahui;8.40 g;347.0;7.4;67.6;5.2;0.0;0.0
Kerupuk kemplang panggang;3 g;356.0;9.7;76.9;1.1;0.0;0.0;1.0
Woku ubi;1.10 g;143.0;3.1;15.0;7.8;0.0;353.0;7.0
Fox's Fruits;0 g;15.0;0.0;4.0;0.0;3.0;0.0;0.0
Ayam goreng poineer;Tidak Diketahui;2.70 g;295.0;37.4;0.6;14.7;0.0;0.0
Keju greenfields ricotta;0 g;110.0;4.0;2.0;9.0;1.0;0.0;0.0
Indomie goreng Jumbo;31 g;560.0;21.0;80.0;13.0;13.0;0.0;31.0
Beras giling var pelita;Tidak Diketahui;0.60 g;369.0;9.5;77.1;1.4;0.0;34.0
Cimory Yogurt Squeeze Peach;2 g;70.0;2.0;11.0;2.0;0.0;60.0;0.0
Melinjo emping tebal goreng manis;2.30 g;439.0;10.0;65.7;16.4;0.0;0.0;0.0
Yogurt frozen pinkberry (Besar);0 g;390.0;15.0;81.0;1.0;77.0;0.0;0.0
Sagu lempeng;0.10 g;347.0;0.9;85.2;0.3;0.0;11.0;4.7
Bamboe soto daging;1 g;5.0;1.0;2.0;0.5;1.0;730.0;1.0
Jagung;Tidak Diketahui;1.20 g;355.0;9.2;73.7;3.9;0.0;11.0
Saladstop Hail caesar w/o chicken;3.90 g;471.9;22.8;19.0;34.3;3.5;0.0;3.9
Masako Kaldu Ayam;0 g;0.0;0.0;0.0;0.0;0.0;610.0;0.0
Enting-enting gepuk hello kity;1 g;538.0;13.6;52.6;30.3;0.0;0.0;0.2
Cimory Fresh Milk Cashew;10 g;260.0;10.0;33.0;9.0;0.0;140.0;0.0
Outback steackhouse Victoria's Filet;53 g;320.0;53.0;0.0;12.0;0.0;0.0;0.0
Kereput;1 g;580.0;4.8;51.1;39.6;0.0;0.0;0.0
Kopi Indocafe cappuccino;2 g;110.0;2.0;19.0;3.0;14.0;0.0;0.0
Rambutan binjai;0.30 g;76.0;0.5;18.0;0.2;0.0;22.0;3.8
nestle sereal corn flakes;2 g;110.0;2.0;24.0;0.5;0.0;180.0;0.0
Yangko;0.40 g;254.0;3.0;58.1;1.1;0.0;0.0;0.8
Gurandil;1 g;218.0;0.5;48.5;2.5;0.0;0.0;3.1
Kapusa;1 g;158.0;4.4;27.8;3.2;0.0;104.0;5.3
Tumis bayam bersantan;0.60 g;48.0;1.4;2.6;4.2;0.0;0.0;0.5
Dodol Banjarmasin;1.50 g;368.0;2.6;70.0;8.6;0.0;48.0;0.5
Mixed nut and Ham Mooncake;2.08 g;245.0;5.4;21.38;15.3;0.0;0.0;2.08
Good time double choc;2 g;30.0;1.0;11.0;3.5;4.0;80.0;2.0
Soto banjar;Tidak Diketahui;0.70 g;110.0;2.9;3.2;9.5;0.0;36.0
Nestle Carnation (kental manis);1 g;100.0;1.0;17.0;3.0;16.0;0.0;0.0
Bagea kelapa asin;1.30 g;450.0;3.2;78.1;13.9;0.0;74.0;0.0
Suweg; segar;Tidak Diketahui;1.20 g;74.0;1.4;17.2;0.1;0.0
Yogurt greek heavenly blush honey;2 g;180.0;5.0;18.0;10.0;9.0;40.0;2.0
Mie gaga;9 g;330.0;9.0;45.0;13.0;0.0;240.0;0.0
Susu Ultra Rasa Strawberry;6 g;140.0;6.0;22.0;3.5;0.0;50.0;0.0
Coklat bubuk;15.40 g;311.0;8.0;48.9;4.0;0.0;0.0;32.6
Mcdonald Double cheeseburger;2 g;430.0;25.0;35.0;21.0;7.0;0.0;2.0
WRP on the go (cokelat);6 g;150.0;7.0;24.0;3.0;16.0;0.0;6.0
Ikan Gete goreng;12.60 g;267.0;23.1;0.2;19.4;0.0;590.0;0.0
Ikan Baung;Tidak Diketahui;1.20 g;123.0;15.1;3.3;5.5;0.0;32.0
Lemon pepper (classic wings);1 g;180.0;15.0;1.0;13.0;0.0;0.0;1.0
Kue jahe;1.30 g;425.0;1.6;84.6;8.8;0.0;0.0;1.2
Susu Ultra Milk Full cream (kotak);8 g;150.0;8.0;12.0;8.0;0.0;0.0;0.0
Kacang mete/biji jambu monyet;2 g;616.0;16.3;28.7;48.4;0.0;26.0;0.9
Qtela tempe original;4 g;70.0;4.0;8.0;7.0;0.0;125.0;0.0
Sapi; segar;Tidak Diketahui;1.40 g;132.0;19.7;6.0;3.2;0.0
Biji kopi;12.40 g;399.0;12.4;62.7;15.4;0.0;0.0;0.0
Super Bubur dengan kuah kari;3 g;35.0;3.0;36.0;3.5;1.0;720.0;0.0
Tepung hunkwe (pati kacang ijo);1 g;364.0;4.5;83.5;1.0;0.0;15.0;16.1
Bakso;12.41 g;202.0;12.41;7.58;13.16;0.0;478.0;0.0
Ketan hitam;Tidak Diketahui;0.60 g;181.0;4.0;37.3;1.2;0.0;9.0
Sirup Tropicana sirup slim sirup orange;0 g;5.0;0.0;0.0;0.0;0.0;0.0;0.0
Bagea kw 2;1.10 g;382.0;0.3;87.2;3.5;0.0;0.0;0.9
Permen Mintz Duomint;0 g;0.0;0.0;2.0;0.0;2.0;0.0;0.0
Beras; mentah;Tidak Diketahui;0.50 g;353.0;7.0;80.0;0.5;0.0
Morin Mixed fruit Jam;0 g;0.0;0.0;11.0;0.0;9.0;0.0;0.0
.Heavenly Blush;4 g;90.0;2.0;15.0;2.5;5.0;0.0;4.0
Eskrim paddle pop choco magma;1 g;70.0;1.0;12.0;2.5;8.0;0.0;1.0
Susu ibu - ASI;0.20 g;62.0;1.5;7.0;3.2;0.0;15.0;0.0
Pop mie rasa kari ayam;44 g;350.0;7.0;45.0;16.0;4.0;0.0;44.0
Starbucks hot caffe latte (whole milk);12 g;230.0;12.0;19.0;12.0;0.0;0.0;0.0
Lays 14g;1 g;70.0;1.0;10.0;7.0;0.0;70.0;0.0
Starbucks java chip frappuccino (wholemilk);7 g;350.0;7.0;68.0;5.0;0.0;0.0;0.0
Bungkil kacang tanah;33.10 g;336.0;37.4;30.5;13.0;0.0;0.0;0.0
Daun kol sawi;Tidak Diketahui;0.70 g;22.0;2.1;3.6;0.5;0.0;19.0
Biskuit choco mania;1 g;100.0;1.0;14.0;4.5;7.0;0.0;0.0
Bou ninahu ndamate;Tidak Diketahui;2.10 g;79.0;6.3;1.1;1.0;0.0;67.0
Putri selat;0.90 g;163.0;2.2;13.8;6.5;0.0;6.0;0.0
Yogurt greek yummy blueberry;8 g;140.0;8.0;19.0;3.5;10.0;65.0;0.0
Ikan Beunteur;Tidak Diketahui;9 g;109.0;17.0;0.0;4.0;0.0;109.0
Teh hitam daun kering;5.90 g;293.0;24.5;58.8;2.8;0.0;50.0;8.7
abc kopi susu;1 g;130.0;1.0;27.0;2.5;0.0;15.0;0.0
Es krim Aice coklat sundae;2 g;100.0;2.0;14.0;4.0;8.0;15.0;0.0
Bayam merah;Tidak Diketahui;2.20 g;41.0;2.2;6.3;0.8;0.0;20.0
Kacang ercis;Tidak Diketahui;1 g;129.0;12.4;18.3;0.7;0.0;4.0
Asinan bogor;Tidak Diketahui;0.70 g;98.0;3.9;14.8;2.6;0.0;483.0
Susu WRP loses weight coklat;2 g;220.0;14.0;27.0;6.0;20.0;0.0;2.0
Kalio kikil (tunjang);Tidak Diketahui;1.30 g;122.0;13.8;3.9;5.7;0.0;519.0
ABC Kecap Asin;1 g;5.0;1.0;1.0;0.0;0.0;830.0;0.0
Buah naga putih;Tidak Diketahui;0.60 g;56.0;0.8;10.9;1.0;0.0;7.0
Jagung pipil var;kering;Tidak Diketahui;1.30 g;368.0;5.5;78.0;4.6;0.0
Kacang bogor segar;1 g;165.0;7.7;27.4;3.1;0.0;6.0;2.5
Itik alabio; dendeng; mentah;Tidak Diketahui;5.10 g;496.0;30.3;18.4;33.5
Chatime pearl milk tea;1 g;374.0;1.0;67.0;11.0;39.5;0.0;0.0
Aqua;0 g;0.0;0.0;0.0;0.0;0.0;0.0;0.0
Bingka;0.60 g;273.0;5.3;39.1;10.6;0.0;0.0;0.0
Enting-enting wijen;3 g;565.0;18.2;36.8;38.4;0.0;0.0;1.9
Kool merah;Tidak Diketahui;0.90 g;29.0;1.4;5.3;0.2;0.0;28.0
Oyek;0.70 g;351.0;0.9;84.9;0.9;0.0;5.0;4.3
Rujak aceh;0.90 g;82.0;0.4;19.7;0.3;0.0;0.0;2.4
Keripik kemplang goreng;3.40 g;504.0;5.6;57.1;28.1;0.0;0.0;0.3
Bungkil kelapa;38 g;368.0;23.0;40.0;15.0;0.0;0.0;0.0
Bamboe soto ayam;1 g;10.0;1.0;2.0;1.0;1.0;850.0;1.0
Belitung; segar;Tidak Diketahui;1.10 g;145.0;1.2;34.2;0.4;0.0
Geplak Jahe;2.50 g;462.0;3.1;57.7;14.4;0.0;0.0;3.3
Kacang mekah; segar;Tidak Diketahui;0.90 g;22.0;1.1;3.4;1.0;0.0
Dodol kedongdong;0.40 g;331.0;1.9;63.8;7.6;0.0;0.0;1.0
Kepala susu - krim;Tidak Diketahui;0.90 g;204.0;2.6;4.0;20.0;0.0;0.0
Ubi Cilembu;0.90 g;186.0;1.9;44.3;0.2;0.0;1.0;3.4
Bungkil biji karet;29.40 g;333.0;29.3;50.0;3.3;0.0;0.0;0.0
Monde Boromon Wafers rasa Vanila;2 g;60.0;1.0;16.0;7.0;7.0;60.0;2.0
Good Day Cappuccino With Cocoa Granule;1 g;110.0;1.0;21.0;2.5;17.0;10.0;1.0
Starbucks hot caramel macchiato (wholemilk);10 g;280.0;10.0;35.0;11.0;0.0;0.0;0.0
Soto padang;Tidak Diketahui;2 g;127.0;5.9;11.0;6.6;0.0;0.0
Soto kudus;Tidak Diketahui;1.70 g;38.0;3.6;1.8;2.3;0.0;0.0
Tahubaxo rebus;11 g;109.0;11.0;16.0;0.0;0.0;504.0;0.0
Meises coklat;2 g;120.0;0.0;20.0;4.0;16.0;0.0;2.0
Jeruk Kalamansi;Tidak Diketahui;0.40 g;39.0;0.3;8.9;0.3;0.0;3.0
Batar daan;0.70 g;107.0;2.2;19.6;2.2;0.0;200.0;0.0
Nasi Goreng;0.40 g;500.0;7.0;40.2;34.4;0.0;18.0;0.4
Baruasa;0.70 g;417.0;6.5;79.3;8.2;0.0;0.0;0.0
Omelet Mie Telur;14.30 g;500.7;14.3;54.5;24.3;0.0;1132.0;0.0
Daun jawaw seluang;Tidak Diketahui;1.20 g;93.0;5.0;15.3;1.3;0.0;2.0
Saladstop Sunshine jakarta;15.10 g;556.6;45.2;50.7;26.6;18.1;988.8;15.1
Sarimi isi tongseng ayam;6 g;560.0;11.0;76.0;23.0;5.0;0.0;6.0
Ikan Mujahir / Mujair;Tidak Diketahui;1.10 g;89.0;18.7;0.0;1.0;0.0;51.0
Talas pontianak;Tidak Diketahui;0.90 g;163.0;2.3;36.4;0.5;0.0;14.0
Susu Rasa Taro;5 g;130.0;5.0;18.0;4.0;14.0;60.0;0.0
Masako Daging Sapi;0 g;0.0;0.0;0.0;0.0;0.0;590.0;0.0
Koya mirasa;1.60 g;370.0;8.0;82.2;1.0;0.0;0.0;0.4
Sasa tepung bakso goreng;1 g;90.0;1.0;21.0;0.0;0.0;910.0;0.0
Mizone;0 g;45.0;0.0;11.0;0.0;11.0;0.0;0.0
Fillet o-fish;1.50 g;270.0;12.3;19.3;15.9;0.0;439.0;0.2
Beras giling var rojolele;Tidak Diketahui;0.80 g;357.0;8.4;77.1;1.7;0.0;34.0
Beras menir;Tidak Diketahui;0.20 g;362.0;7.7;73.0;4.4;0.0;90.0
Monde Snack Gold;2 g;20.0;2.0;16.0;2.5;3.0;35.0;0.0
Mony Oats Dark Choco Flavour;0 g;50.0;0.0;7.0;20.0;4.0;15.0;0.0
Kacang babi;Tidak Diketahui;3.50 g;341.0;30.4;51.3;3.2;0.0;13.0
Subway black forest ham sandwich;5 g;290.0;18.0;46.0;4.5;8.0;0.0;5.0
Tempe lamtoro var. gung dengan kuit;1.30 g;146.0;11.7;19.6;2.3;0.0;0.0;7.6
Kalio ayam;Tidak Diketahui;1.40 g;203.0;16.0;4.4;13.5;0.0;534.0
Silky Pudding Taro Flavour;2 g;15.0;2.0;16.0;1.5;11.0;45.0;0.0
Talas bogor;Tidak Diketahui;0.80 g;108.0;1.4;25.0;0.4;0.0;10.0
Niu Zuzu rasa coklat;2 g;120.0;2.0;22.0;3.0;18.0;110.0;0.0
Jeruk bali;Tidak Diketahui;0.50 g;48.0;0.6;12.4;0.2;0.0;21.0
Delfi ChaCha Peanut;3 g;160.0;3.0;17.0;8.0;0.0;10.0;0.0
Kacang endel;Tidak Diketahui;2 g;331.0;25.0;58.0;1.0;0.0;12.0
Bihun goreng instan;0.70 g;381.0;6.1;80.3;3.9;0.0;928.0;0.0
Mie ayam;0.80 g;102.0;6.2;10.5;3.9;0.0;279.0;0.0
Koro benguk;Tidak Diketahui;3 g;332.0;24.0;55.0;3.0;0.0;42.0
Nongshim Shin cup;10.90 g;309.0;10.9;46.8;6.0;1.9;0.0;0.0
Teh botol tawar;0 g;0.0;0.0;0.0;0.0;0.0;0.0;0.0
Biji nangka / Biji salak;0.70 g;262.0;2.3;51.1;5.4;0.0;10.0;8.0
Emping (keripik melinjo);28 g;345.0;12.0;71.5;1.5;0.0;0.0;0.0
Soto bandung;Tidak Diketahui;1.80 g;42.0;3.9;2.8;1.7;0.0;0.0
Origo coffe avocado coffe;4.04 g;160.0;4.04;22.46;6.02;14.12;0.0;0.0
Subway sweet onion chicken teriyaki sandwich;5 g;370.0;25.0;58.0;4.5;16.0;0.0;5.0
Komak polong;1.10 g;99.0;3.3;21.2;0.1;0.0;15.0;10.3
Hazelnut;9.70 g;628.0;14.95;16.7;60.75;0.0;0.0;9.7
Sariroti roti tawar kupas;1 g;110.0;3.0;19.0;2.0;1.0;170.0;1.0
Andewi;Tidak Diketahui;1.10 g;226.0;1.6;5.3;0.2;0.0;29.0
Mie bakso;0.80 g;114.0;5.3;16.4;3.0;0.0;760.0;0.1
Kin bulgarian yogurt orange;3 g;150.0;3.0;28.0;2.5;27.0;0.0;0.0
Tapai singkong;0.70 g;169.0;1.4;40.2;0.3;0.0;0.0;2.0
Buncis;Tidak Diketahui;0.50 g;34.0;2.4;7.2;0.3;0.0;8.0
Biskuit serena egg rolls chocolate;1 g;80.0;1.0;8.0;4.5;4.0;0.0;1.0
Ikan Mujahir / mujair goreng;2.20 g;416.0;46.9;0.0;23.9;0.0;54.0;0.0
Kue ku temu;0.50 g;214.0;3.5;49.6;0.2;0.0;0.0;0.0
Coklat Ferrero rocher;1 g;238.0;3.0;18.0;16.0;15.0;0.0;1.0
Outback steackhouse outback special;51 g;280.0;51.0;0.0;9.0;0.0;0.0;0.0
The coffe bean & tea leaf mocha ice blended drink;11 g;350.0;11.0;67.0;7.0;55.0;0.0;0.0
Indomie goreng;2 g;380.0;8.0;54.0;14.0;8.0;0.0;2.0
Nestle nestum;1 g;130.0;3.0;27.0;1.5;9.0;0.0;1.0
Jagung nasi;Tidak Diketahui;0.30 g;357.0;8.8;79.5;0.5;0.0;2.0
Indofood cap enak (kental manis);2 g;120.0;1.0;21.0;4.0;19.0;0.0;2.0
Pastel;1.50 g;307.0;4.5;42.4;13.3;0.0;0.0;0.0
Momogi Bintang Coklat;1 g;50.0;1.0;6.0;3.0;0.0;20.0;0.0
King's Fisher sarden goreng balado;8 g;120.0;8.0;4.0;8.0;0.0;0.0;0.0
Kewpie Caesar;1 g;70.0;1.0;3.0;6.0;0.0;190.0;0.0
Getuk singkong;1.10 g;204.0;0.5;47.4;1.4;0.0;0.0;0.8
Kenari banda;3.20 g;616.0;13.9;13.7;56.2;0.0;11.0;0.0
Anak sapi; gemuk;segar;Tidak Diketahui;5.20 g;184.0;18.8;0.0;14.0
Indomie ayam geprek;3 g;410.0;9.0;49.0;20.0;6.0;0.0;3.0
Oncom kacang tanah pepes;4.80 g;132.0;11.7;13.7;3.8;0.0;0.0;3.1
PT. Ultrajaya Milk Industry;PT. Ultrajaya Milk Industry, Tbk;6 g;120.0;6.0;9.0;6.0;0.0;40.0
Putri hijau;0.50 g;189.0;5.4;37.2;2.1;0.0;0.0;0.0
Nestle Milo 3in1 Activ-Go (Malt);1 g;140.0;4.0;25.0;3.0;0.0;80.0;1.0
Tiwul Instan;2.70 g;395.0;3.2;76.5;8.5;0.0;377.0;4.2
Hofa / Ubi hutan;Tidak Diketahui;0.90 g;127.0;1.2;29.5;0.5;0.0;3.0
Lanting getuk;3.80 g;422.0;0.9;80.4;10.8;0.0;0.0;1.4
Telur ayam ras / telor ayam ras ;Tidak Diketahui;0.80 g;154.0;12.4;0.7;10.8;0.0;142.0
Daun Kenikir;Tidak Diketahui;1.70 g;45.0;3.7;6.6;0.5;0.0;6.0
Oncom;1.40 g;187.0;13.0;22.6;6.0;0.0;0.0;0.0
Gadung ; segar;Tidak Diketahui;0.90 g;100.0;0.9;23.5;0.3;0.0
Nasi minyak;1.10 g;207.0;3.5;37.1;5.0;0.0;74.0;0.8
Starbucks green tea frappuccino (whole milk);5 g;320.0;5.0;64.0;4.5;0.0;0.0;0.0
Kue Kelepon;1.20 g;215.0;3.7;41.8;3.7;0.0;0.0;1.0
ABC Selera pedas hot gulai chicken;21 g;270.0;7.0;34.0;12.0;1.0;0.0;21.0
Royco sup krim jagung;1 g;70.0;1.0;11.0;2.0;4.0;380.0;0.0
BANGO Kecap Manis Light;0 g;40.0;0.0;10.0;0.0;8.0;140.0;0.0
Happy Tos Tortilla Chips;1 g;60.0;2.0;16.0;7.0;1.0;125.0;1.0
super bubur rasa ayam;3 g;170.0;3.0;32.0;3.0;0.0;840.0;0.0
Yoshinoya Veggie beef bowl (Large bowl);9 g;960.0;35.0;141.0;29.0;8.0;0.0;9.0
Intip goreng;2 g;474.0;7.6;62.3;21.6;0.0;0.0;1.2
Daun pohpohan;Tidak Diketahui;2.40 g;37.0;2.5;6.9;0.8;0.0;0.0
Suki Rasa Ayam Kecap;2 g;100.0;2.0;13.0;4.0;1.0;240.0;0.0
Soto betawi;Tidak Diketahui;1.30 g;135.0;2.5;11.5;8.8;0.0;0.0
Selada air;Tidak Diketahui;1.20 g;17.0;3.1;2.2;0.2;0.0;65.0
Mie Sedaap baso spesial;6 g;340.0;9.0;47.0;13.0;2.0;0.0;6.0
Naraya melon seed;6 g;130.0;6.0;2.0;10.0;0.0;180.0;0.0
Pepare ular;Tidak Diketahui;0.30 g;19.0;0.6;3.9;0.1;0.0;130.0
Kaburan; segar;Tidak Diketahui;0.50 g;133.0;1.0;32.2;0.2;0.0
You C1000 vitamin lemon;0 g;700.0;0.0;16.0;0.0;16.0;0.0;0.0
Kopi Good day the original;1 g;90.0;1.0;16.0;2.5;13.0;0.0;1.0
Naraya Coklat Cookies;1 g;50.0;1.0;6.0;3.0;0.0;45.0;0.0
Susu On gold standard whey;0.50 g;120.0;20.0;3.0;1.8;1.6;0.0;0.5
Sariroti roti tawar gandum;6 g;190.0;6.0;32.0;3.5;2.0;290.0;6.0
King's Fisher sarden sambal bangkok;8 g;70.0;8.0;6.0;2.0;0.0;0.0;0.0
Ultra Sari Asem Asli;0 g;130.0;0.0;32.0;0.0;0.0;0.0;0.0
Sagu aren segar;0.10 g;231.0;0.6;56.6;0.2;0.0;7.0;3.2
Kelapa tua; segar;Tidak Diketahui;1 g;359.0;3.4;14.0;34.7;0.0
Koyabu;0.90 g;241.0;3.4;47.2;4.3;0.0;0.0;0.0
Buah kelor;1.30 g;38.0;1.5;7.5;0.2;0.0;48.0;3.2
Mie Sedaap Cup Mi Kuah Bakso;8 g;350.0;8.0;45.0;15.0;0.0;1070.0;0.0
Martabak mesir;1.10 g;278.0;5.1;45.0;8.6;0.0;193.0;0.0
Encung asam;Tidak Diketahui;1.50 g;122.0;3.5;17.5;4.5;0.0;0.0
Croissant;1 g;180.0;3.0;21.0;9.0;0.0;0.0;1.0
Hokben Tori Ball;7 g;250.0;7.0;15.0;14.0;0.0;0.0;0.0
Ikan Sunu;Tidak Diketahui;1.10 g;111.0;13.3;6.7;3.4;0.0;91.0
Sapi;Tidak Diketahui;1.40 g;98.0;21.9;0.0;1.1;0.0;150.0
Beras ganyong;0.50 g;364.0;3.4;86.3;0.7;0.0;4.0;4.7
MR.P Cashewnuts;7 g;250.0;7.0;11.0;19.0;0.0;0.0;0.0
Dodol bali;1.80 g;298.0;3.7;65.9;2.1;0.0;0.0;0.4
Susu kambing;Tidak Diketahui;0.90 g;64.0;4.3;6.6;2.3;0.0;35.0
Origo coffe strawberry kopi susu;2.43 g;108.0;2.43;12.55;4.34;10.25;0.0;0.0
Permen KIS mini assorted;0 g;30.0;0.0;7.0;0.0;5.0;0.0;0.0
Telur ayam ras bagian putih;Tidak Diketahui;0.60 g;50.0;10.8;0.8;0.0;0.0;164.0
Pisang ayam;Tidak Diketahui;0.70 g;120.0;1.1;26.8;0.2;0.0;6.0
Pempek adaan;Tidak Diketahui;1.70 g;162.0;4.9;27.8;3.0;0.0;488.0
Keju kcang tanah (peanut butter);0.10 g;590.0;27.0;20.9;49.0;0.0;355.0;1.6
Ubi jalar manis;Tidak Diketahui;1.10 g;83.0;1.5;18.8;0.2;0.0;52.0
donat Krispy kreme mini original glazed;0.30 g;83.3;1.0;10.0;4.3;4.7;0.0;0.3
Sarimi Gelas Rasa Baso Sapi;3 g;50.0;2.0;18.0;6.0;2.0;390.0;3.0
Dalgona coffe;9.25 g;306.0;9.25;52.77;7.05;33.86;0.0;0.0
Lousiana rub (classic wings);1 g;171.0;15.0;1.0;12.0;0.0;0.0;1.0
Outback steackhouse Ribeye;58 g;540.0;58.0;0.0;35.0;0.0;0.0;0.0
Bonchon Spicy wings;0 g;800.0;56.0;18.0;54.0;5.0;0.0;0.0
Talas bogor kukus;0.80 g;120.0;1.5;28.2;0.3;0.0;11.0;0.7
Maya Sardines Chili sause;0.23 g;180.0;12.08;2.6;2.11;0.0;0.2;0.0
Cempedak;Tidak Diketahui;1 g;116.0;3.0;28.6;0.4;0.0;25.0
Good Day rock caramello 3 in 1 200g;1 g;40.0;1.0;14.0;4.5;13.0;100.0;1.0
PRONAS Sarden saus pedas (425 g);8 g;80.0;8.0;2.0;4.0;0.0;120.0;0.0
Terung belanda;Tidak Diketahui;1 g;52.0;2.1;8.6;1.1;0.0;0.0
Chitato;2 g;110.0;2.0;11.0;6.0;0.0;0.0;0.0
Rambutan;0.40 g;69.0;0.9;18.1;0.1;0.0;16.0;0.8
Beras ketan putih tumbuk;Tidak Diketahui;0.50 g;361.0;7.4;78.4;0.8;0.0;3.0
Sawo Manila;0.50 g;92.0;0.5;22.4;1.1;0.0;26.0;9.5
Kerupuk cumi goreng;3.80 g;444.0;6.9;71.3;14.6;0.0;837.0;5.0
Gemblong;1.20 g;274.0;1.7;55.5;5.4;0.0;0.0;2.2
Pop mie rasa baso;3 g;140.0;8.0;47.0;15.0;5.0;720.0;3.0
Soto madura;Tidak Diketahui;0.90 g;60.0;3.5;1.3;4.5;0.0;0.0
Saos tomat;3.60 g;110.0;2.0;24.5;0.4;0.0;890.0;0.9
Sariroti sandwich coklat;2 g;150.0;3.0;21.0;6.0;4.0;125.0;2.0
Bentul (Komba); segar;Tidak Diketahui;1.80 g;98.0;1.6;20.9;0.7;0.0
Sagu manis;0.60 g;287.0;0.5;62.4;3.9;0.0;34.0;0.0
Lemonia Biscuit;1 g;45.0;1.0;13.0;5.0;5.0;50.0;1.0
Koro loke;Tidak Diketahui;0.60 g;33.0;2.7;7.9;0.2;0.0;2.0
Daun pakis;Tidak Diketahui;1.40 g;39.0;4.5;6.9;0.4;0.0;20.0
Kangkung tondano;1.10 g;43.0;1.8;8.4;0.2;0.0;30.0;4.3
Mie telur cap 3 ayam;6 g;230.0;8.0;49.0;0.0;2.0;0.0;6.0
Pala; segar;Tidak Diketahui;0.50 g;42.0;0.3;10.9;0.2;0.0
Tepung Gaplek;1.10 g;345.0;2.4;83.1;0.4;0.0;6.0;6.7
Tempe kedelai murni mentah;1.60 g;201.0;20.8;13.5;8.8;0.0;9.0;1.4
Flax seeds;18.29 g;534.0;18.29;28.88;42.16;0.0;0.0;0.0
Starbucks hot caramel macchiato (nonfat milk);11 g;200.0;11.0;36.0;1.5;0.0;0.0;0.0
Bango Bumbu Kuliner Nusantara Tongseng Khas Solo;1 g;15.0;0.0;5.0;1.5;4.0;800.0;1.0
Bobengka;0.60 g;225.0;5.3;45.2;2.6;0.0;0.0;0.0
Markisa squash;Tidak Diketahui;0.20 g;104.0;1.2;23.7;0.5;0.0;40.0
Pizza hut deluxe cheeses;1 g;150.0;6.0;17.0;6.0;2.0;0.0;1.0
Mi ABC cup baso sapi;4 g;290.0;7.0;34.0;13.0;3.0;0.0;4.0
Nasi merah;0.30 g;149.0;2.8;32.5;0.4;0.0;5.0;0.3
Bagea kenari manis;1.30 g;523.0;3.2;64.2;28.2;0.0;74.0;0.0
Teh Javana;0 g;0.0;0.0;28.0;0.0;28.0;75.0;0.0
Biokul greek  yogurt;6 g;160.0;6.0;6.0;12.0;2.0;0.0;0.0
Frisian flag sweet delight;6 g;150.0;6.0;20.0;6.0;18.0;75.0;0.0
Ahh Nabati Richeese;0 g;10.0;0.0;3.0;1.0;1.0;15.0;0.0
Indomie mi kuah;2 g;300.0;7.0;43.0;11.0;3.0;0.0;2.0
Saladstop bold bulgogi;6 g;411.8;17.7;30.6;25.7;13.3;695.4;6.0
Kue sus;0.90 g;221.0;7.5;24.8;10.2;0.0;0.0;0.0
Dodol galamai;1.20 g;348.0;0.4;76.1;3.8;0.0;38.0;0.5
Ketoprak;2.60 g;153.0;7.9;13.0;7.7;0.0;0.0;2.9
Kue koa;1 g;340.0;4.8;79.3;0.4;0.0;0.0;0.0
Keju mozzarella;27.50 g;280.0;27.5;3.1;17.1;0.0;0.0;0.0
Espresso;0.04 g;3.0;0.04;0.49;0.05;0.0;0.0;0.0
Permen frozz lime mint;0 g;0.0;0.0;1.0;0.0;0.0;0.0;0.0
Eskrim magnum white almond;3 g;230.0;3.0;23.0;14.0;13.0;0.0;3.0
Pop mie mie goreng pedas;6 g;370.0;6.0;49.0;17.0;4.0;0.0;6.0
Berilla Collezione Lasagne all'uovo;11 g;370.0;11.0;71.0;4.0;0.0;30.0;0.0
Roma Sandwich;2 g;140.0;2.0;17.0;7.0;6.0;80.0;0.0
Taoge kacang tunggak;Tidak Diketahui;1 g;40.0;5.0;5.8;0.2;0.0;2.0
Kacang negara;0.90 g;480.0;18.4;58.5;19.1;0.0;1010.0;11.7
Piattos Sambal Geprek Flavor;2 g;45.0;1.0;13.0;5.0;1.0;100.0;2.0
Japilus;2.70 g;500.0;1.2;67.3;25.1;0.0;0.0;0.4
Ribeye;19.80 g;217.0;19.8;0.11;15.21;0.0;0.0;0.0
Ikan Bader;Tidak Diketahui;2 g;193.0;19.0;0.0;13.0;0.0;118.0
Nutrijell pudding suus rasa vanila (120 g);0 g;40.0;0.0;8.0;0.5;5.0;30.0;0.0
Mie sedaap kari spesial;3 g;340.0;8.0;48.0;13.0;2.0;0.0;3.0
Burger Carl's Jr california classic double cheeseburger;2 g;600.0;23.0;41.0;39.0;11.0;0.0;2.0
The coffe bean & tea leaf matcha ice blended drink;16 g;410.0;16.0;67.0;9.0;59.0;0.0;0.0
Permen mentos spearmint;0 g;5.0;0.0;1.0;0.0;0.0;0.0;0.0
Teh Kotak Rasa Apel;0 g;100.0;0.0;24.0;0.0;20.0;50.0;0.0
Santan (dengan air);0.40 g;122.0;2.0;7.6;10.0;0.0;9.0;1.4
Mi basah;2.10 g;88.0;0.6;14.0;3.3;0.0;63.0;0.1
Sagu forno;0.60 g;291.0;0.5;63.4;4.0;0.0;40.0;0.0
Gado-gado;1.50 g;137.0;6.1;21.0;3.2;0.0;0.0;1.1
Coklat Hershey's milk chocolate;0.10 g;22.0;0.3;2.8;1.3;2.6;0.0;0.1
Mie aceh rebus;1.10 g;113.0;3.0;18.1;3.2;0.0;191.0;0.0
Jagung gerontol;0.80 g;156.0;2.7;33.3;1.3;0.0;0.0;1.0
Puff pastry sheet;3 g;200.0;3.0;18.0;13.0;1.0;0.0;0.0
Melinjo emping tebal goreng asin;1.60 g;431.0;11.1;63.0;16.2;0.0;0.0;0.0
Wortel;Tidak Diketahui;0.60 g;36.0;1.0;7.9;0.6;0.0;70.0
Yogurt greek yummy original;7 g;140.0;7.0;17.0;4.0;8.0;0.0;0.0
Sayur sop;2.70 g;27.0;1.3;1.0;2.0;0.0;0.0;0.3
Pulut;0.80 g;216.0;2.6;44.4;3.1;0.0;100.0;0.0
Andaliman;Tidak Diketahui;2.20 g;99.0;4.6;18.0;1.0;0.0;0.0
Nutrisari jus mangga;0 g;60.0;0.0;13.0;1.0;12.0;0.0;0.0
Ikan Batung;Tidak Diketahui;1.10 g;115.0;14.5;4.2;4.6;0.0;42.0
Bihun;Tidak Diketahui;0.20 g;348.0;4.7;82.1;0.1;0.0;12.0
Kelapa setengah tua; segar;Tidak Diketahui;1 g;180.0;4.0;10.0;15.0;0.0
dancow susu bubuk fortigro full cream;6 g;120.0;6.0;10.0;7.0;0.0;90.0;0.0
Pork loin;19.74 g;198.0;19.74;0.0;12.58;0.0;0.0;0.0
Cake tape;1.40 g;323.0;4.9;50.1;11.5;0.0;0.0;1.4
Supermi rasa Kaldu Ayam;3 g;100.0;6.0;45.0;11.0;2.0;920.0;3.0
Jawawut;Tidak Diketahui;1.50 g;364.0;9.7;73.4;3.5;0.0;7.0
Ikan selar kuning cue;Tidak Diketahui;0.70 g;138.0;27.0;0.0;3.3;0.0;0.0
Sate Ayam;19.54 g;225.0;19.54;4.87;14.82;0.0;355.0;0.0
Ademsari chingku herbal tea;0 g;90.0;0.0;21.0;0.0;21.0;0.0;0.0
Batatas gembili;Tidak Diketahui;0.70 g;76.0;1.1;16.0;0.9;0.0;10.0
Daun pakis loggiho;Tidak Diketahui;1.60 g;54.0;2.2;3.1;3.6;0.0;70.0
Supermi rasa steak ayam;4 g;140.0;7.0;54.0;15.0;6.0;590.0;4.0
Koro wedus; kering;Tidak Diketahui;3.50 g;338.0;22.2;61.0;1.5;0.0
Red Hot Cajun  (classic wings);1 g;142.0;15.0;1.0;8.0;0.0;0.0;1.0
Tony roma's the original baby back ribs;0 g;563.0;30.0;55.0;25.0;50.0;0.0;0.0
Kerupuk kemplang (ikan) mentah;5.10 g;325.0;1.8;78.5;0.4;0.0;1123.0;4.5
Rempeyek kacang uci;3.40 g;497.0;17.0;50.8;27.6;0.0;0.0;2.4
Ampas kacang hijau;0.60 g;96.0;3.7;19.1;0.6;0.0;0.0;2.7
Pronas chicken luncheon;3 g;80.0;4.0;3.0;6.0;0.0;0.0;3.0
Susu kerbau;Tidak Diketahui;0.80 g;160.0;6.3;7.1;12.0;0.0;82.0
Soto sukaraja;Tidak Diketahui;1.10 g;80.0;3.2;9.0;3.5;0.0;0.0
Chitato keripik kentang rasa sapi panggang;2 g;110.0;2.0;11.0;6.0;0.0;115.0;0.0
Manan samin;0.80 g;379.0;3.4;50.6;18.1;0.0;0.0;0.0
Pizza hut meat lover's;2 g;470.0;19.0;36.0;28.0;1.0;0.0;2.0
Bika ambon;0.60 g;199.0;2.1;44.4;1.5;0.0;0.0;0.3
Keju Lemnos Fetta Cheese;5.40 g;83.0;5.4;0.4;6.9;0.9;0.0;0.0
Krupuk Bocah Tua (mentah);1 g;340.0;1.0;84.0;0.0;0.0;1570.0;0.0
Nissin wafer coklat;2 g;50.0;2.0;20.0;6.0;8.0;70.0;0.0
Richeese Nabati;0 g;40.0;0.0;6.0;1.5;0.0;30.0;0.0
KFC extra crispy sayap;10 g;170.0;10.0;5.0;13.0;0.0;0.0;0.0
Kacang uci;3.70 g;358.0;23.4;60.6;2.4;0.0;13.0;7.4
Kecimpring singkong goreng;3.50 g;464.0;1.2;73.0;18.6;0.0;0.0;1.3
Sariroti Sandwich krim keju;1 g;130.0;3.0;17.0;6.0;3.0;260.0;1.0
Susu My protein impact whey protein;0.50 g;105.0;20.0;3.0;1.8;1.6;0.0;0.5
Ubi jalar kuning;Tidak Diketahui;1 g;119.0;0.5;25.1;0.4;0.0;3.0
Amparan;Tidak Diketahui;0.80 g;191.0;1.3;34.0;5.5;0.0;0.0
Kluwek;1.50 g;310.0;10.0;13.5;24.0;0.0;0.0;0.0
keripik Qtela singkong;0 g;100.0;0.0;14.0;5.0;1.0;0.0;0.0
Milo Activ-Go 18 gram;0 g;15.0;2.0;13.0;2.0;8.0;35.0;0.0
Indomie rasa ayam bawang;2 g;100.0;7.0;43.0;11.0;3.0;1330.0;2.0
Ketela pohon kukus;0.60 g;153.0;1.2;36.4;0.3;0.0;2.0;1.3
Indomie rasa ayam special;2 g;90.0;7.0;44.0;10.0;3.0;1180.0;2.0
Caotina;1 g;114.0;1.0;10.4;7.4;10.0;20.0;0.0
Jahe;Tidak Diketahui;1.20 g;51.0;1.5;10.1;1.0;0.0;12.0
Lamtoro biji tua;Tidak Diketahui;1.30 g;148.0;10.6;26.2;0.5;0.0;28.0
Yeo's Chrysantenum tea;0 g;90.0;0.0;22.0;0.0;22.0;0.0;0.0
Kue kelapa;1.50 g;591.0;5.6;47.5;42.1;0.0;33.0;0.0
Teajus Gula Batu;0 g;25.0;0.0;6.0;0.0;5.0;0.0;0.0
Sowa;10 g;48.0;1.6;9.1;0.6;0.0;9.0;45.0
nestle cerelac bubur sereal susu rasa ayam sayur;8 g;210.0;8.0;34.0;5.0;0.0;150.0;0.0
Nissin UFO fried ramen 100 g;100 g;190.0;8.0;62.0;21.0;6.0;1980.0;2.0
Ricola herb canndy;0 g;60.0;0.0;15.0;0.0;0.0;0.0;0.0
Jagung kuning pipil;Tidak Diketahui;0.60 g;154.0;3.8;28.4;3.5;0.0;5.0
Beras tumbuk;Tidak Diketahui;0.40 g;354.0;7.8;79.9;0.4;0.0;5.0
Mostarda metan-sawi;1.10 g;33.0;2.3;4.7;0.5;0.0;20.0;1.8
ABC Minuman Asam Jawa;0 g;140.0;0.0;34.0;0.0;0.0;0.0;0.0
Labu siam;Tidak Diketahui;0.30 g;30.0;0.6;6.7;0.1;0.0;3.0
Sirup Sunquick Orange;0 g;45.0;0.0;11.0;0.0;11.0;0.0;0.0
Kembang tahu rebus;0.80 g;90.0;10.7;4.7;4.0;0.0;0.0;0.0
Indofood Racik Bumbu Nasi Goreng;0 g;0.0;0.0;4.0;0.0;2.0;1050.0;0.0
Tahu telur;1.10 g;328.0;12.6;24.6;19.9;0.0;755.4;0.4
Tempe bongkrek;146.30 g;119.0;4.4;18.3;3.5;0.0;0.0;0.0
Royco ayam bumbu rujak;0 g;10.0;0.0;2.0;0.0;2.0;0.0;0.0
Fitbar;1 g;90.0;3.0;14.0;2.5;4.0;0.0;1.0
Tempe lamtoro var. gung tanpa kuit;1.10 g;131.0;18.0;13.0;0.8;0.0;0.0;1.3
Oishi Rasa Udang Pedas;0.50 g;12.5;1.0;8.0;1.5;1.0;95.0;0.5
Yoghurt;Tidak Diketahui;2.20 g;52.0;3.3;4.0;2.5;0.0;40.0
Ikan Kakatua;Tidak Diketahui;1.30 g;82.0;11.4;6.4;1.2;0.0;90.0
Es krim Wall's double dutch;1 g;150.0;3.0;18.0;7.0;9.0;0.0;1.0
Bamboe Tongseng;2 g;25.0;1.0;5.0;2.5;1.0;580.0;2.0
Top sirloin;21.77 g;127.0;21.77;0.01;4.45;0.0;0.0;0.0
Sambal Terasi Kokita;1 g;30.0;1.0;5.0;1.0;1.0;0.0;0.0
susu mama minuman khusus ibu hamil & menyusui rasa cokelat;9 g;190.0;9.0;26.0;5.0;0.0;115.0;0.0
Ubi jalar tinta / kemayung;1 g;108.0;0.5;25.6;0.4;0.0;1.0;4.2
Cengkeh kering;5.20 g;330.0;5.2;57.4;8.9;0.0;282.0;10.0
Kacang kedelai goreng;100.0 g;521.0;32.2;22.9;37.7;0.0;3492.0;7.6
monde boromon cookies;1 g;0.0;0.0;18.0;0.0;5.0;10.0;1.0
KFC extra crispy dada;35 g;530.0;35.0;18.0;35.0;0.0;0.0;0.0
Mi ABC cup mi ayam jamur;6 g;390.0;7.0;45.0;20.0;8.0;0.0;6.0
Permen RELAXA;0 g;10.0;0.0;2.0;0.0;2.0;0.0;0.0
Kopi Good Day Chococinno;1 g;98.0;1.0;17.0;2.0;0.0;15.0;0.0
Pop Ice Taro;0 g;15.0;0.0;22.0;1.5;19.0;40.0;0.0
Koro andong;3 g;356.0;20.5;61.6;4.1;0.0;18.0;7.0
Jeruk manis;Tidak Diketahui;0.50 g;45.0;0.9;11.2;0.2;0.0;4.0
Ayam goreng kalasan;Tidak Diketahui;2.90 g;275.0;37.4;1.3;12.2;0.0;176.0
Bamboe Lodeh;0 g;10.0;1.0;0.0;1.0;0.0;980.0;0.0
Pizza hut meat lovers;1 g;210.0;8.0;17.0;12.0;2.0;0.0;1.0
Starbucks chocolate croissant;2 g;340.0;5.0;38.0;20.0;13.0;0.0;2.0
Mie Gaga Goreng Lada Hitam;9 g;390.0;9.0;53.0;16.0;0.0;1150.0;0.0
Spaghetti;2.10 g;139.0;7.4;22.6;2.1;0.0;0.0;0.0
Eskrim walls feast vanila;1 g;140.0;2.0;15.0;8.0;13.0;0.0;1.0
Ham;5.80 g;384.0;16.9;0.3;35.0;0.0;112.0;0.0
Es krim Diamond durian;2 g;100.0;2.0;12.0;6.0;9.0;0.0;0.0
Cold Stone Creamery Oreo Overload;1 g;910.0;12.0;115.0;49.0;92.0;0.0;1.0
Kue thipan;0.40 g;247.0;2.9;49.5;4.2;0.0;95.0;0.0
Dodol manado;1.20 g;373.0;4.3;51.9;16.5;0.0;35.0;0.4
Ampas tahu kering;5.80 g;414.0;26.6;41.3;18.3;0.0;45.0;0.0
Dairy queen hot fudge sundae;1 g;430.0;9.0;66.0;15.0;52.0;0.0;1.0
Tomat; segar;Tidak Diketahui;1.30 g;20.0;1.0;3.5;0.2;0.0
Promina sliky puding rasa strawberry;1 g;110.0;1.0;19.0;3.0;11.0;12.0;0.0
Kue ali;0.40 g;440.0;3.8;64.5;18.5;0.0;0.0;0.3
Keripik gadung;2.80 g;446.0;2.8;76.0;14.5;0.0;0.0;1.7
Daun melinjo;Tidak Diketahui;1.60 g;104.0;5.0;21.3;1.3;0.0;12.0
Indofood Saos Tomat (135 ml);0 g;20.0;0.0;5.0;0.0;4.0;400.0;0.0
donat Krispy kreme glazed chocolate cake;1 g;250.0;3.0;38.0;10.0;24.0;0.0;1.0
Royco nasi goreng;0 g;15.0;0.0;2.0;0.0;2.0;0.0;0.0
Starbucks Almond croissant;3 g;420.0;10.0;45.0;22.0;13.0;0.0;3.0
Sari Wangi Teh Hitam Jahe & Kunyit;0 g;0.0;0.0;0.0;0.0;0.0;10.0;0.0
Mom Miyuki Go Roa Keripik Pisang Goroho (Roa Pedas);1 g;180.0;1.0;24.0;8.0;14.0;50.0;0.0
Emping beras;1.90 g;403.0;10.6;85.3;2.2;0.0;1.0;0.2
Tahu goreng;2 g;115.0;9.7;2.5;8.5;0.0;7.0;0.1
Kopi Kapal api grande white coffe;1 g;90.0;1.0;17.0;2.0;12.0;0.0;1.0
Kabuto;0.60 g;250.0;2.6;35.4;2.5;0.0;2.0;1.8
Bayam; segar;Tidak Diketahui;1.30 g;16.0;0.9;2.9;0.4;0.0
Nissin Gekikara Ramen Rasa Carbonara Pedas;7 g;350.0;7.0;53.0;12.0;0.0;1170.0;0.0
Es krim Diamond kacang hijau;4 g;220.0;4.0;12.0;11.0;8.0;0.0;0.0
Outback steackhouse T-Bone;79 g;910.0;79.0;4.0;64.0;0.0;0.0;0.0
Cheesecake Factory Hot fudge sundae;6 g;1310.0;20.0;116.0;86.0;94.0;0.0;6.0
Sarimuka;0.50 g;166.0;2.3;32.9;2.8;0.0;3.0;0.0
Kopiko coffe candy;0 g;40.0;0.0;8.0;1.0;6.0;0.0;0.0
You C1000 vitamin orange;0 g;80.0;0.0;20.0;0.0;20.0;0.0;0.0
Pizza hut deluxe cheese;3 g;380.0;16.0;37.0;19.0;1.0;0.0;3.0
Tepung Jalejo;2.30 g;347.0;19.0;61.2;7.5;0.0;3.0;5.8
Kacang arab;Tidak Diketahui;3 g;330.0;23.8;60.2;1.4;0.0;24.0
yummy bites banana flavor;2 g;190.0;2.0;44.0;0.0;4.0;130.0;0.0
Oramu ninahu ndawa olaho;Tidak Diketahui;0.10 g;117.0;13.7;4.3;5.0;0.0;0.0
Ayam goreng church texas;Tidak Diketahui;1.30 g;287.0;31.0;1.7;15.7;0.0;723.0
Brem;0.90 g;249.0;3.4;58.0;0.4;0.0;0.0;0.0
Kopiko 78'C coffe latte;4 g;160.0;4.0;28.0;3.0;24.0;0.0;0.0
Sayur ndusuk;3.10 g;49.0;3.1;3.6;2.5;0.0;1011.0;0.0
Hershey's Spreads;1 g;190.0;3.0;20.0;12.0;19.0;50.0;1.0
Gery Saluut Malkist Double Abon;1 g;90.0;1.0;15.0;2.5;3.0;930.0;0.0
Suweg kukus;1 g;93.0;1.5;21.9;0.1;0.0;6.0;0.9
Kentang hitam;Tidak Diketahui;1 g;142.0;0.9;33.7;0.4;0.0;22.0
Cangkuning;0.80 g;204.0;2.8;31.4;7.5;0.0;0.0;0.0
Daun Tespong;Tidak Diketahui;1.90 g;70.0;2.9;13.9;0.3;0.0;72.0
Doritos barbeque;2 g;100.0;2.0;13.0;4.5;1.0;0.0;0.0
Pelolah manuk;Tidak Diketahui;2.30 g;219.0;19.7;4.4;13.6;0.0;577.0
Kopi bubuk instan;9.70 g;129.0;12.3;35.0;0.5;0.0;72.0;0.0
Beras jagung putih; mentah;Tidak Diketahui;0.80 g;307.0;4.8;71.8;0.1;0.0
Telur bebek bagian putih;Tidak Diketahui;0.20 g;54.0;11.0;0.8;0.0;0.0;184.0
Makaroni;Tidak Diketahui;2.50 g;353.0;8.7;78.7;0.4;0.0;5.0
Buavita Orange;0.50 g;120.0;0.0;28.0;0.0;23.0;0.0;0.5
Sop buntut;Tidak Diketahui;0.60 g;71.0;7.5;2.2;3.6;0.0;490.0
Kacang hijau;Tidak Diketahui;3.30 g;323.0;22.9;56.8;1.5;0.0;42.0
Mi sedaap cup mi goreng;7 g;390.0;6.0;52.0;18.0;5.0;0.0;7.0
Outback steackhouse new york strip;63 g;810.0;63.0;0.0;62.0;0.0;0.0;0.0
Permen Xylitol Blueberry Mint;0 g;10.0;0.0;2.0;0.0;0.0;0.0;0.0
Kacang kincai;Tidak Diketahui;4.90 g;444.0;19.9;55.0;16.0;0.0;0.0
Susu WRP Lose weight stroberi;2 g;220.0;14.0;25.0;6.0;21.0;0.0;2.0
Daun kasbi/singkong karet;Tidak Diketahui;1.20 g;92.0;4.0;10.9;3.6;0.0;70.0
Kacang marah tua;6.20 g;280.0;16.7;63.2;1.6;0.0;19.0;4.6
Nissin Gekikara Ramen rasa Ayam Pedas;7 g;360.0;7.0;52.0;14.0;0.0;1030.0;0.0
Widaran;0.30 g;424.0;1.3;80.7;10.7;0.0;0.0;0.2
Mr. Bread Roti tawar;2.50 g;198.0;7.0;36.0;3.0;2.5;269.0;2.5
Indomie mi goreng aceh;6 g;170.0;9.0;55.0;19.0;6.0;790.0;6.0
Ichitan Thailand Milk Tea;3 g;50.0;3.0;36.0;6.0;25.0;160.0;0.0
Top coffee Gula Aren;1 g;20.0;1.0;18.0;2.5;14.0;35.0;0.0
Sayur umbut kelapa;1.30 g;67.0;5.2;5.1;2.9;0.0;313.0;1.4
Maggi Magic Lezat Bumbu Penyedap;1 g;5.0;1.0;1.0;0.0;0.0;970.0;0.0
Good Time Cookies;1 g;50.0;2.0;21.0;6.0;10.0;220.0;1.0
Beras parboiled;2.50 g;353.0;6.8;80.0;0.6;0.0;2.0;0.5
Nangka masak pohon;Tidak Diketahui;2.70 g;106.0;1.2;27.6;0.3;0.0;2.0
Cucuru bayau;Tidak Diketahui;1.20 g;349.0;6.8;38.3;18.7;0.0;0.0
Kalio otak;Tidak Diketahui;1.40 g;157.0;8.1;11.4;8.8;0.0;604.0
Heavenly blush greek yogurt;3 g;170.0;6.0;16.0;9.0;9.0;0.0;3.0
Biskuit meiji Hello panda;1 g;230.0;3.0;30.0;10.0;12.0;0.0;1.0
Telur bebek bagian kuning;Tidak Diketahui;0.20 g;386.0;17.0;0.8;35.0;0.0;106.0
Prosana Proffle Biskuit Waffle Tinggi Protein;0 g;20.0;5.0;12.0;2.0;2.0;65.0;0.0
donat Krispy kreme original glazed;1 g;190.0;3.0;21.0;11.0;10.0;0.0;1.0
Pisang tujuh bulan;0.80 g;94.0;0.6;22.5;0.2;0.0;0.0;3.7
Nutrisari Jeju orange;0 g;60.0;0.0;14.0;0.0;11.0;0.0;0.0
Biskuit;1.40 g;458.0;6.9;75.1;14.4;0.0;241.0;2.1
Mie Sagu;0.10 g;190.0;0.2;46.5;0.4;0.0;10.0;1.4
Tempe gembus P3G;0.80 g;73.0;5.7;10.3;1.3;0.0;0.0;4.2
ABC Sari Kacang Hijau;2 g;160.0;2.0;36.0;0.0;0.0;0.0;0.0
Kue putu cangkir;0.20 g;304.0;5.3;54.9;7.0;0.0;0.0;0.9
Indofood Sambal Pedas Dahsyat (135 ml);0 g;25.0;0.0;5.0;0.0;4.0;270.0;0.0
Daun jonghe;Tidak Diketahui;1.40 g;27.0;2.1;4.4;0.7;0.0;0.0
Gatot;1.40 g;347.0;1.3;83.8;0.7;0.0;28.0;5.8
Sosis Kanzler German Bratwurst;0 g;150.0;0.0;0.0;12.0;0.0;435.0;0.0
Teh botol sosro less sugar;0 g;90.0;0.0;22.0;0.0;22.0;0.0;0.0
Cassavastick;2.70 g;460.0;0.8;17.2;18.7;0.0;0.0;1.6
Sate; masakan;Tidak Diketahui;3.30 g;179.0;22.5;13.3;3.5;0.0
Chitato Maxx Spicy Mexican Chili Flavor;1 g;50.0;1.0;12.0;6.0;1.0;90.0;0.0
Nasi / Nasi Putih;0.20 g;180.0;3.0;39.8;0.3;0.0;1.0;0.2
Jampang huma;Tidak Diketahui;2.50 g;350.0;6.3;78.2;1.4;0.0;53.0
Better Sandwich Biscuit;1 g;60.0;2.0;18.0;7.0;9.0;75.0;1.0
Starbucks cappuccino (nonfat milk);8 g;80.0;8.0;12.0;0.0;0.0;0.0;0.0
Coca cola zero sugar;0 g;0.0;0.0;0.0;0.0;0.0;0.0;0.0
Umbi Uwi;Tidak Diketahui;0.90 g;120.0;2.8;82.3;0.5;0.0;12.0
Tempe gembus yogya;1.10 g;76.0;6.8;10.6;0.7;0.0;0.0;5.3
Oreo dutch Cocoa wafer;2 g;50.0;1.0;17.0;6.0;9.0;50.0;2.0
Starbucks hot caffe mocha (whole milk);13 g;330.0;13.0;42.0;12.0;0.0;0.0;0.0
Yogurt greek heavenly blush strawberrt;4 g;170.0;5.0;18.0;9.0;10.0;45.0;4.0
Monde Boromon Wafers rasa Strawberry susu;2 g;60.0;1.0;17.0;6.0;7.0;35.0;2.0
Ceriping getuk singkong;3.20 g;462.0;1.2;67.7;20.7;0.0;0.0;0.6
Matoa;Tidak Diketahui;1.10 g;90.0;1.2;21.1;0.1;0.0;10.0
Bayam kukus;1.60 g;30.0;1.3;5.8;0.7;0.0;15.0;1.2
Telur bebek albino;Tidak Diketahui;1 g;187.0;11.8;3.0;14.2;0.0;115.0
Mie pangsit basah;0.70 g;105.0;5.9;9.4;4.9;0.0;530.0;0.0
Frisian flag california strawberry low fat;7 g;150.0;7.0;24.0;2.5;22.0;125.0;0.0
HILO PLATINUM Swiss Chocolate Flavour;8 g;130.0;8.0;21.0;2.0;0.0;150.0;0.0
Ikan Hiu kering;6.80 g;298.0;46.3;20.2;3.6;0.0;957.0;0.0
Frisian flag gold (kental manis);3 g;130.0;3.0;22.0;3.5;21.0;0.0;0.0
Gandaria masak;Tidak Diketahui;0.40 g;68.0;0.7;18.0;0.1;0.0;3.0
Teh Kotak Rasa Blackcurrant;0 g;100.0;0.0;24.0;0.0;21.0;50.0;0.0
Oishi Snack Sponge Crunch Chocolate;0 g;45.0;1.0;11.0;5.0;5.0;20.0;0.0
KFC extra crispy paha atas;22 g;330.0;22.0;9.0;23.0;0.0;0.0;0.0
Butter cookies Monde;2 g;70.0;2.0;20.0;8.0;7.0;0.0;0.0
Es krim Wall's oreo cookies cream;1 g;140.0;2.0;17.0;7.0;11.0;0.0;1.0
Naan maran sapi;Tidak Diketahui;7.90 g;478.0;38.3;5.1;33.9;0.0;220.0
Nissin Walens Chocosoes;2 g;80.0;2.0;14.0;8.0;8.0;65.0;0.0
East Bali Cashews Granola With Rosella Cinnamon;2.50 g;126.0;2.5;18.5;4.0;5.0;118.5;2.5
Jasjus Rasa Anggur;0 g;25.0;0.0;6.0;0.0;5.0;15.0;0.0
Beras jagung kuning kering;Tidak Diketahui;0.90 g;358.0;5.5;82.7;0.1;0.0;1.0
Indomie kari ayam;2 g;320.0;7.0;46.0;12.0;4.0;0.0;2.0
Ikan Hiu;Tidak Diketahui;1.10 g;57.0;10.7;2.2;0.3;0.0;0.0
Bebek albino; segar;Tidak Diketahui;1 g;303.0;11.3;3.7;27.0;0.0
Jagung pipil var; mentah;Tidak Diketahui;1.20 g;367.0;6.2;76.2;5.1;0.0
Starbucks Iced caffe mocha (notfat milk);9 g;200.0;9.0;36.0;2.5;0.0;0.0;0.0
Gadeng / Gadung kering;0.20 g;322.0;2.4;76.6;0.6;0.0;5.0;0.0
Sirup pirous;0.20 g;228.0;0.2;55.9;0.4;0.0;3.0;0.0
You C1000 vitamin apple;0 g;60.0;0.0;14.0;0.0;14.0;0.0;0.0
Susu sapi;Tidak Diketahui;0.70 g;61.0;3.2;4.3;3.5;0.0;36.0
Roti gandum;4 g;267.0;10.72;48.68;3.24;5.91;508.0;4.0
Ikan Mujahir / Mujair pepes;1 g;121.0;21.7;0.8;2.8;0.0;58.0;0.0
Lilin bungkus gedi;1.90 g;79.0;2.3;5.8;5.2;0.0;170.0;2.5
Mie celon;1.20 g;102.0;3.0;17.8;2.1;0.0;451.0;0.0
Beef burger;2.20 g;258.0;10.6;32.5;9.5;0.0;572.0;0.4
Kelapa Muda ; segar;Tidak Diketahui;0.80 g;68.0;1.0;14.0;0.9;0.0
Walens choco soes;2 g;140.0;2.0;14.0;8.0;0.0;0.0;0.0
Kapurung;0.60 g;41.0;2.0;7.8;0.3;0.0;185.0;2.0
Daun kesum;Tidak Diketahui;0.80 g;48.0;4.5;9.1;0.8;0.0;11.0
Ketela pohon / singkong;Tidak Diketahui;0.50 g;154.0;1.0;36.8;0.3;0.0;2.0
Teh melati daun kering;5.30 g;299.0;24.1;59.0;3.5;0.0;70.0;9.7
Tony roma's potato skin;0 g;751.0;35.0;41.0;51.0;2.0;0.0;0.0
Yogurt mixed berry;4 g;140.0;4.0;22.0;4.0;0.0;30.0;4.0
Susu Bear brand gold malt putih;4 g;120.0;4.0;19.0;1.5;0.0;0.0;0.0
Pisang goroho;Tidak Diketahui;1 g;119.0;1.5;27.9;0.2;0.0;36.0
brokoli ;Tidak Diketahui;90.50 g;23.2;3.2;1.9;0.2;0.0;15.0
Keripik oncom;2.20 g;598.0;8.3;42.6;43.8;0.0;0.0;3.3
Tepung terigu;1 g;333.0;9.0;77.2;1.0;0.0;2.0;0.3
Kelapa muda; segar;Tidak Diketahui;0.40 g;17.0;0.2;3.8;0.1;0.0
Richeese Nabati Wafer Krim Keju;0 g;40.0;0.0;6.0;1.5;0.0;30.0;0.0
Dairy queen Vanilla cone;0 g;330.0;9.0;52.0;9.0;36.0;0.0;0.0
Kacang gude rebus;1.50 g;147.0;9.0;27.5;0.5;0.0;14.0;3.4
Carman's bircher muesli;7.90 g;421.0;14.7;48.1;17.1;16.0;0.0;7.9
Ikan Pomo;Tidak Diketahui;1.40 g;147.0;22.5;2.6;5.2;0.0;0.0
Taoge;Tidak Diketahui;0.40 g;34.0;3.7;4.3;1.2;0.0;19.0
Nutrisari jus jambu;0 g;60.0;0.0;13.0;1.5;12.0;0.0;0.0
Ultra milk low fat source of calcium;7 g;90.0;7.0;11.0;2.5;0.0;105.0;0.0
Piattos Sambal Terasi Flavor;2 g;45.0;1.0;13.0;5.0;1.0;140.0;2.0
Bengkuang;Tidak Diketahui;0.50 g;59.0;1.4;12.8;0.2;0.0;2.0
Umbut kelapa;Tidak Diketahui;1.30 g;39.0;2.0;7.2;0.2;0.0;4.0
Sarimi Gelas Rasa Kari Ayam;2 g;70.0;8.0;16.0;8.0;1.0;1110.0;2.0
Martabak india;1.20 g;153.0;4.5;24.3;4.2;0.0;240.0;0.0
Wajit camilan;0.60 g;303.0;6.3;63.3;2.7;0.0;0.0;6.9
Taro net;2 g;80.0;2.0;15.0;2.0;0.0;0.0;0.0
Sayur umbut rotan;1.30 g;57.0;5.4;3.1;2.6;0.0;256.0;1.6
Kakicak;0.90 g;296.0;3.4;36.7;15.1;0.0;0.0;0.0
Yoforia Berry smooth;4 g;130.0;4.0;24.0;2.0;20.0;0.0;0.0
Nissin Butter Coconut Biscuits;2 g;100.0;1.0;14.0;5.0;4.0;55.0;2.0
Herslim;2 g;10.0;13.0;13.0;1.5;2.0;120.0;2.0
Indomie rasa kaldu ayam;4 g;110.0;6.0;50.0;12.0;0.0;980.0;4.0
Papeda;0.10 g;61.0;0.2;14.9;0.1;0.0;4.0;0.5
Daun oyong;Tidak Diketahui;0.60 g;22.0;1.0;5.3;0.1;0.0;40.0
The coffe bean & tea leaf pure chocolate ice blended drink;15 g;390.0;15.0;72.0;7.0;59.0;0.0;0.0
wrp everyday susu bubuk rasa choco hazelnut;5 g;110.0;5.0;21.0;1.0;0.0;35.0;0.0
Ichi ocha;0 g;0.0;0.0;26.0;0.0;24.0;35.0;0.0
MR. P Honey Peanuts;7 g;150.0;7.0;5.0;12.0;3.0;0.0;0.0
Suwir-suwir;1 g;347.0;0.5;84.2;0.9;0.0;0.0;0.8
Daun labu siam;Tidak Diketahui;1.20 g;34.0;4.0;4.7;0.4;0.0;16.0
Uceng / bunga melinjo;Tidak Diketahui;1.70 g;82.0;5.8;11.7;1.3;0.0;0.0
Golden Farm mixed vegetable;3 g;70.0;3.0;14.0;1.0;4.0;0.0;0.0
Kue pelita;0.60 g;141.0;5.3;17.6;5.5;0.0;0.0;0.0
Dairy queen chocolate dipped cone;1 g;460.0;9.0;59.0;22.0;43.0;0.0;1.0
Jeruk banjar;Tidak Diketahui;0.40 g;61.0;0.8;14.1;0.2;0.0;3.0
Daun labu wuluh/kuning;Tidak Diketahui;1.60 g;34.0;3.6;4.5;0.6;0.0;16.0
Ikan Mayong;Tidak Diketahui;1.50 g;97.0;17.9;0.4;2.0;0.0;0.0
Ikan Tarmon;Tidak Diketahui;0.80 g;96.0;19.5;2.0;1.1;0.0;43.0
Soto jeroan;Tidak Diketahui;1.10 g;92.0;11.8;1.4;4.3;0.0;363.0
Tedong pallu basa;Tidak Diketahui;1.70 g;83.0;10.4;2.8;3.4;0.0;397.0
Tepung Ganyong;0.30 g;353.0;0.8;83.6;1.7;0.0;3.0;0.7
Umbut rotan;1.30 g;34.0;2.4;5.5;0.3;0.0;8.0;2.2
Beras ladang;Tidak Diketahui;0.90 g;376.0;7.5;78.0;3.8;0.0;10.0
Yogurt frozen pinkberry (Kecil);0 g;150.0;6.0;31.0;0.0;30.0;0.0;0.0
Golden Farm corn kernel;3 g;70.0;3.0;14.0;1.0;3.0;0.0;0.0
Pempek telur;Tidak Diketahui;1.90 g;156.0;4.7;28.3;2.7;0.0;448.0
Nutrisari Florida orange;0 g;50.0;0.0;13.0;0.0;11.0;0.0;0.0
NutriBoost rasa kopi;3 g;30.0;3.0;19.0;3.0;14.0;100.0;0.0
Ultra Sari Kacang Ijo;2 g;90.0;2.0;22.0;0.0;0.0;0.0;0.0
Quinoa;4.40 g;120.0;4.4;21.3;1.92;0.0;0.0;0.0
Kacang tolo rebus;1.20 g;138.0;10.7;22.6;1.1;0.0;13.0;0.9
Lamtoro biji muda;Tidak Diketahui;1.20 g;85.0;5.7;15.4;0.3;0.0;35.0
Roma Malkist;2 g;120.0;2.0;19.0;4.5;3.0;0.0;0.0
Tahu Bakso;2.40 g;231.0;11.8;21.4;12.2;1.2;378.0;2.4
Sonice Bakso kuah sapi;8 g;160.0;8.0;20.0;5.0;0.0;0.0;0.0
Ayam goreng church texas;Tidak Diketahui;1.50 g;338.0;35.2;0.4;20.6;0.0;800.0
Saladstop tingtong;13.50 g;843.4;30.6;83.3;46.2;14.5;1004.6;13.5
Takwa;1.60 g;148.0;13.8;4.0;8.5;0.0;3.0;0.0
Monde Boromon cookies original flavor;0 g;80.0;0.0;18.0;0.0;0.0;10.0;0.0
Keju Lemnos Grated Parmesan;0 g;38.0;3.3;1.0;5.6;1.0;0.0;0.0
Good Day Mocacinno;1 g;20.0;1.0;16.0;2.0;13.0;10.0;1.0
kacang garuda roste kacang panggang;5 g;130.0;5.0;16.0;5.0;0.0;115.0;0.0
Tepung Tales Banten;5.50 g;332.0;5.7;76.1;0.6;0.0;7.0;12.2
Coklat Toblerone;1 g;130.0;1.0;15.0;7.0;15.0;0.0;0.0
Es Krim Walls Cappuccino;1 g;70.0;1.0;19.0;8.0;10.0;15.0;1.0
Cashew;3.30 g;553.0;18.22;30.19;43.85;0.0;0.0;3.3
Kucai muda (lokio);Tidak Diketahui;1.80 g;42.0;3.8;7.8;0.6;0.0;22.0
Susu kuda;Tidak Diketahui;0.40 g;40.0;2.0;5.4;1.1;0.0;0.0
Eskrim cornetto oreo;2 g;240.0;2.0;33.0;11.0;20.0;0.0;2.0
Keripik Qtela ubi ungu;0 g;100.0;0.0;14.0;5.0;3.0;0.0;0.0
Anak sapi;sedang;segar;Tidak Diketahui;0.90 g;190.0;19.1;0.0;12.0
Susu Bear brand gold teh putih;4 g;70.0;4.0;10.0;2.0;0.0;0.0;0.0
Es teh tawar;0.02 g;2.0;0.02;0.67;0.0;0.0;0.0;0.0
susu tango kido rasa banana pudding;10 g;90.0;10.0;15.0;2.5;0.0;140.0;0.0
Biskuit WRP Everyday chocolate chip;2 g;100.0;1.0;11.0;5.0;0.0;0.0;2.0
Ampas tahu mentah;0.60 g;67.0;5.0;8.1;2.1;0.0;8.0;4.1
Anyang;Tidak Diketahui;1.50 g;126.0;3.4;10.3;7.9;0.0;290.0
Ikan Banjar;Tidak Diketahui;1.40 g;111.0;19.4;4.8;0.9;0.0;99.0
Misoa;100.0 g;345.0;8.5;78.0;2.2;0.0;3064.0;0.5
Ares;Tidak Diketahui;3 g;113.0;0.9;11.2;7.2;0.0;1413.0
biskuit Lotte choco pie;1 g;120.0;1.0;19.0;4.5;10.0;0.0;0.0
Srikaya ketan;0.80 g;265.0;2.7;49.1;6.4;0.0;0.0;0.0
Dairy queen oreo cookie blizzard;1 g;780.0;15.0;117.0;29.0;84.0;0.0;1.0
Puffies Soes Crunchy Cheese;1 g;30.0;2.0;6.0;6.0;0.0;120.0;1.0
Pocky double choco;4 g;240.0;4.0;29.0;12.0;9.0;0.0;0.0
Mie sedap instan kari spesial;3 g;130.0;8.0;47.0;14.0;3.0;1060.0;3.0
Jasjus Rasa Lemon;0 g;25.0;0.0;6.0;0.0;5.0;15.0;0.0
Telur ayam kampung;Tidak Diketahui;0.90 g;174.0;10.8;1.2;14.0;0.0;190.0
Sagu rendang;1 g;364.0;0.1;90.5;0.2;0.0;42.0;1.9
Silverqueen Crispy with Milk Chocolate;4 g;170.0;4.0;15.0;10.0;11.0;35.0;0.0
Sukun tua;1 g;126.0;1.6;24.5;0.2;0.0;25.0;1.5
Kacang belimbing (kecipir);Tidak Diketahui;4.20 g;400.0;34.4;34.1;16.9;0.0;37.0
Lapis legit;0.90 g;389.0;6.6;55.5;15.7;0.0;0.0;0.5
Wijen;Tidak Diketahui;5.80 g;568.0;19.3;18.1;51.1;0.0;18.0
Susu Ultra Milk Rasa Stroberi;6 g;30.0;6.0;22.0;3.5;17.0;50.0;0.0
Agar-agar double swallow sun;6 g;25.0;0.0;6.0;0.0;0.0;10.0;6.0
Cocoa powder Van Houten;6 g;120.0;6.0;15.0;4.0;0.0;0.0;0.0
Jambu bool;Tidak Diketahui;0.80 g;49.0;2.3;9.6;0.2;0.0;1.0
Tiwul;1.60 g;353.0;2.4;83.4;1.1;0.0;5.0;6.5
Nissin Longer Stick Biscuits;2 g;50.0;2.0;21.0;6.0;5.0;85.0;0.0
Nasi coklat;2.30 g;112.0;2.3;23.5;0.8;0.0;0.0;0.0
Chicki Taro Net rasa BBQ;1 g;90.0;1.0;15.0;2.5;0.0;200.0;0.0
Saladstop Jai Ho;7.10 g;324.9;22.3;28.3;14.3;8.4;355.3;7.1
Chocodrink;2 g;20.0;2.0;23.0;2.5;18.0;100.0;0.0
Asam masak pohon;Tidak Diketahui;2.70 g;267.0;2.8;62.5;0.6;0.0;9.0
Bayam rebus;1 g;23.0;1.2;3.7;0.6;0.0;16.0;1.1
Kelio telur;Tidak Diketahui;1.40 g;193.0;10.6;9.7;12.4;0.0;540.0
Tahu;1.40 g;80.0;10.9;0.8;4.7;0.0;2.0;0.1
Sariroti roti tawar double soft;3 g;140.0;4.0;23.0;3.0;1.0;105.0;3.0
Mcdonald Triple cheeseburger;2 g;520.0;32.0;36.0;28.0;7.0;0.0;2.0
Sagu singkong kering;0.30 g;362.0;0.5;86.9;0.3;0.0;0.0;0.0
Indomie Hype Abis Seblak Hot Jeletot;7 g;360.0;7.0;44.0;17.0;0.0;1190.0;0.0
Monde Boromon Cookies milk flavour;0 g;0.0;0.0;18.0;0.0;5.0;10.0;0.0
Frisian flag belgian chocolate low fat;7 g;150.0;7.0;25.0;2.5;19.0;100.0;0.0
Subway classic tuna sandwich;2 g;470.0;20.0;41.0;25.0;5.0;0.0;2.0
Eskrim Magnum classic;4 g;240.0;3.0;30.0;13.0;18.0;0.0;4.0
Keripik tempe;2.30 g;581.0;12.1;41.7;40.6;0.0;0.0;2.2
Susu Bubuk;5.70 g;513.0;24.6;36.2;30.0;0.0;380.0;0.0
Jangang bintatoeng;Tidak Diketahui;2.40 g;107.0;5.3;16.5;2.2;0.0;482.0
Golden Farm french fries;3 g;170.0;3.0;29.0;4.5;0.0;0.0;0.0
Telur ayam ras bagian kuning;Tidak Diketahui;1.70 g;355.0;16.3;0.7;31.9;0.0;111.0
Ayam;segar;Tidak Diketahui;1.50 g;261.0;27.4;1.6;16.1;0.0
Bakso ikan;11.27 g;107.0;11.27;11.72;1.23;0.0;255.0;0.0
Yogurt frozen pinkberry (Medium);0 g;240.0;9.0;50.0;0.0;47.0;0.0;0.0
PRONAS Classic chunky corned beef (340 g);2 g;70.0;8.0;2.0;3.5;0.0;410.0;2.0
Sayur lebui;0.90 g;64.0;2.1;12.5;0.6;0.0;124.0;5.7
Indomie rasa soto lamongan;6 g;130.0;10.0;48.0;14.0;4.0;1030.0;6.0
Jali;Tidak Diketahui;1 g;324.0;11.0;61.0;4.0;0.0;24.0
Elle vire yogurt;0.40 g;90.0;2.3;13.0;3.1;11.0;0.0;0.4
Markisa squash;0.20 g;217.0;2.5;49.6;1.0;0.0;14.0;0.0
Putu sopa;0.80 g;215.0;3.3;41.1;4.1;0.0;0.0;0.0
pop mie rasa soto ayam dengan nasi;3 g;250.0;7.0;48.0;15.0;5.0;1320.0;3.0
Geblek;1.40 g;195.0;0.4;44.4;1.7;0.0;353.0;3.6
Agar-agar swallow globe brand;8 g;20.0;0.0;8.0;0.0;0.0;0.0;8.0
Permen Xylitol fresh mint;0 g;10.0;0.0;3.0;0.0;0.0;0.0;0.0
Gambas (oyong);Tidak Diketahui;0.40 g;19.0;0.8;4.1;0.2;0.0;23.0
Nasi tim;0.20 g;120.0;3.4;26.0;0.4;0.0;0.0;0.5
Sei reuboh;Tidak Diketahui;2.20 g;474.0;11.2;11.7;42.5;0.0;677.0
Buah merah;0.40 g;87.0;2.6;13.1;2.7;0.0;110.0;4.0
Subway steak and cheese sandwich;2 g;360.0;24.0;43.0;10.0;5.0;0.0;2.0
Beras hitam;Tidak Diketahui;0.90 g;351.0;8.0;76.9;1.3;0.0;15.0
Apang kukus;Tidak Diketahui;0.50 g;202.0;3.0;46.7;0.3;0.0;0.0
Talas viqueque;Tidak Diketahui;1.20 g;115.0;1.8;25.9;0.5;0.0;1.0
Indofood Kecap Manis (135 ml);0 g;45.0;0.0;11.0;0.0;9.0;240.0;0.0
Tanderloin;20.53 g;151.0;20.53;0.01;7.63;0.0;0.0;0.0
Golden Farm frozen pea;7 g;90.0;7.0;12.0;1.0;3.0;0.0;0.0
White Anchovy Powder;3 g;15.0;3.0;0.0;0.0;0.0;70.0;0.0
Beef yakiniku;0.80 g;132.0;9.8;20.7;1.1;0.0;409.0;0.3
Asam arang coklat;Tidak Diketahui;1.40 g;130.0;0.5;30.9;1.1;0.0;13.0
Mie Sedaap Instant Rasa Soto 75 g;2 g;340.0;8.0;46.0;13.0;3.0;1030.0;2.0
Kacang gude;Tidak Diketahui;4.20 g;316.0;20.7;58.0;1.0;0.0;16.0
Entrasol Quick Start Chia Seeds;1 g;130.0;2.0;22.0;3.5;12.0;105.0;1.0
Ketupat kandangan;0.70 g;109.0;2.2;13.4;5.2;0.0;0.0;0.0
Hickory smoked BBQ  (classic wings);1 g;171.0;15.0;8.0;8.0;7.0;0.0;1.0
Susu bubuk dancow fullcream;0 g;120.0;5.0;13.0;6.0;0.0;90.0;0.0
Roma sari gandum;2 g;100.0;2.0;13.0;4.0;3.0;0.0;0.0
Bihun jagung;Tidak Diketahui;0.50 g;354.0;0.5;87.4;0.3;0.0;49.0
Cuka;0.30 g;21.0;0.1;5.0;0.1;0.0;21.0;0.0
Gadung kukus;0.80 g;88.0;0.6;20.9;0.3;0.0;6.0;0.9
Akar tonjong;Tidak Diketahui;1 g;45.0;1.1;10.8;0.4;0.0;96.0
Lemon;Tidak Diketahui;0.30 g;34.0;0.5;6.2;0.8;0.0;31.0
Sariroti Sandwich kacang;2 g;140.0;5.0;18.0;6.0;2.0;135.0;2.0
Model;Tidak Diketahui;1.30 g;79.0;2.2;8.6;4.0;0.0;147.0
Ikan Bawal;Tidak Diketahui;1.30 g;91.0;19.0;0.0;1.7;0.0;129.0
Tauco cap meong;6.70 g;159.0;7.4;21.3;4.9;0.0;1547.0;1.6
donat Krispy kreme oreo chocolate cream;1 g;390.0;4.0;49.0;21.0;27.0;0.0;1.0
Khong guan malkist sayur;2 g;100.0;2.0;14.0;4.0;0.0;120.0;0.0
Kerupuk udang goreng;1.90 g;477.0;4.7;68.5;20.5;0.0;449.0;5.0
Steamed Dumpling;Tidak Diketahui;1.90 g;92.0;1.9;13.0;3.5;0.0;220.0
Mi kering;1.40 g;339.0;10.0;6.3;1.7;0.0;760.0;0.4
Taoge seduh;0.30 g;28.0;3.0;4.0;0.8;0.0;18.0;1.0
bebelac gold;2 g;50.0;6.0;24.0;6.0;17.0;75.0;2.0
Daun leunca;Tidak Diketahui;1.70 g;49.0;4.7;8.1;0.5;0.0;0.0
Daun gedi kecil;Tidak Diketahui;2 g;61.0;3.2;10.4;0.7;0.0;20.0
Cimory yogurt set;3 g;100.0;3.0;16.0;2.5;11.0;0.0;0.0
Kacang kedelai;Tidak Diketahui;5.50 g;381.0;40.4;24.9;16.7;0.0;210.0
Jagung kuning pipil; mentah;Tidak Diketahui;2.40 g;366.0;9.8;69.1;7.3;0.0
Royco kaldu ayam;0 g;0.0;0.0;0.0;0.0;0.0;0.0;0.0
Tempe kacang babi;1.20 g;139.0;12.5;21.9;0.8;0.0;0.0;1.8
Dairy queen mocha moolatte;1 g;580.0;10.0;88.0;22.0;77.0;0.0;1.0
SUP KRIM AYAM ROYCO;2 g;50.0;2.0;0.0;1.0;0.0;710.0;0.0
Sarimi Kaldu Ayam;2 g;320.0;4.0;45.0;12.0;11.0;670.0;2.0
Daun pakis wambateu;Tidak Diketahui;1.30 g;53.0;3.4;7.2;1.2;0.0;20.0
Koro kerupuk;Tidak Diketahui;1.70 g;125.0;8.3;22.1;0.7;0.0;16.0
Daun bebuas;Tidak Diketahui;1.10 g;41.0;2.7;7.3;1.0;0.0;0.0
Jeruk garut-keprok;0.70 g;44.0;0.8;10.9;0.3;0.0;5.0;1.6
Kue gelang;1 g;448.0;5.8;70.0;16.1;0.0;0.0;0.0
Sariroti Roti tawar;1 g;200.0;7.0;37.0;3.0;2.0;280.0;1.0
Hangop/Butter milk/Whey;1.50 g;65.0;10.0;3.5;1.0;0.0;126.0;0.0
Bagea kenari asin;1.30 g;529.0;3.2;63.6;29.1;0.0;74.0;0.0
Keripik bayam;1.90 g;586.0;4.9;50.2;40.6;0.0;0.0;0.5
Coklat silverqueen chunky almond bar;3 g;170.0;3.0;15.0;11.0;12.0;0.0;0.0
RITZ Creackers Original (isis 3 pack);2 g;140.0;2.0;20.0;6.0;0.0;115.0;0.0
Ichitan Thai Milk Tea;6 g;45.0;2.0;24.0;5.0;17.0;130.0;6.0
Indomie mi goreng;2 g;130.0;8.0;54.0;14.0;8.0;1070.0;2.0
Pop Ice Moccacino;1 g;15.0;1.0;22.0;1.5;15.0;30.0;0.0
Cokelat pasta;2 g;130.0;2.0;32.0;14.0;21.0;30.0;0.0
Kacang kedelai segar;4.10 g;286.0;30.2;30.1;15.6;0.0;28.0;2.9
Ubi jalar tinta / kemayung kukus;0.60 g;165.0;0.9;39.8;0.2;0.0;1.0;1.1
Buah kom;Tidak Diketahui;1.70 g;264.0;4.0;59.6;1.1;0.0;0.0
Frisian flag cokelat (kental manis);1 g;135.0;1.0;23.0;4.5;19.0;0.0;0.0
Bagea kelapa manis;1.30 g;452.0;1.3;80.6;13.8;0.0;75.0;0.0
Jagung muda; mentah;Tidak Diketahui;0.90 g;147.0;5.1;31.5;0.7;0.0
Keremes;2.10 g;475.0;1.6;64.4;25.2;0.0;0.0;2.1
Paria putih;Tidak Diketahui;0.60 g;19.0;1.0;3.6;0.4;0.0;5.0
Minyak zaitun;0 g;884.0;0.0;0.0;100.0;0.0;7.0;0.0
Soto pemalang;Tidak Diketahui;1.70 g;75.0;3.6;3.5;5.2;0.0;0.0
Beras giling;Tidak Diketahui;0.80 g;357.0;8.4;77.1;1.7;0.0;27.0
Gulai asam keueung;Tidak Diketahui;1.70 g;52.0;10.0;1.8;0.5;0.0;332.0
Pundut nasi;1.10 g;104.0;1.9;15.1;4.1;0.0;74.0;0.4
Vodka;0.46 g;43.0;0.46;3.55;0.0;0.0;0.0;0.0
Pop Ice Mangga;1 g;15.0;1.0;22.0;1.5;15.0;15.0;0.0
Sardines dalam kaleng;3.80 g;338.0;21.1;1.0;27.0;0.0;0.0;0.0
Ovomaltine;0.80 g;109.0;0.8;11.9;6.4;10.9;50.0;0.0
Susu kedelai;2 g;41.0;3.5;5.0;2.5;0.0;128.0;0.2
Paku hinela wulelenggapaya;3.10 g;77.0;3.5;5.4;4.6;0.0;469.0;3.6
Keju greenfileds mozzarella;7 g;90.0;7.0;2.0;6.0;0.0;0.0;0.0
Kratingdaeng Pro;0 g;120.0;0.0;27.0;0.0;27.0;0.0;0.0
Ikan Heu;Tidak Diketahui;6.20 g;81.0;10.0;6.6;1.6;0.0;240.0
Daun gandaria;Tidak Diketahui;1.60 g;63.0;3.1;14.0;0.3;0.0;3.0
Sagu aren kering;0.80 g;355.0;0.6;85.6;1.1;0.0;2.0;0.3
Ganyong rebus;1.10 g;100.0;0.8;23.8;0.2;0.0;0.0;0.9
Rendang sapi;Tidak Diketahui;3.80 g;193.0;22.6;7.8;7.9;0.0;0.0
Roma : Biskuit Kelapa;2 g;130.0;2.0;19.0;5.0;6.0;90.0;0.0
Superco;1 g;80.0;1.0;13.0;3.0;4.0;80.0;0.0
Saus Sesame;1 g;100.0;1.0;4.0;9.0;0.0;260.0;0.0
Pepea oncom ampas tahu;1.50 g;76.0;5.2;10.6;1.8;0.0;0.0;2.2
Nissin Assorted Biscuits;1 g;45.0;1.0;18.0;5.0;7.0;60.0;1.0
So you minuman kedelai;4 g;100.0;4.0;15.0;2.5;11.0;0.0;0.0
Sayur asem;0.80 g;29.0;0.7;5.0;0.6;0.0;0.0;0.6
Lamtoro var. gung tanpa kulit;4.40 g;367.0;46.4;32.5;5.4;0.0;65.0;2.6
Ikan Bambangan;Tidak Diketahui;1.30 g;112.0;20.0;3.7;1.3;0.0;148.0
Khong guan Saltcheese;0 g;80.0;1.0;10.0;4.0;2.0;0.0;0.0
Tauco;100.0 g;184.0;11.4;22.2;5.5;0.0;1766.0;1.9
Anak sapi; kurus;segar;Tidak Diketahui;1.40 g;174.0;19.6;0.0;10.0
Saladstop Cobb;6.40 g;538.0;34.0;20.1;35.3;6.4;785.6;6.4
SOESNACK CHEESE;1 g;45.0;1.0;3.0;3.5;0.0;35.0;0.0
Batatas kelapa; segar;Tidak Diketahui;0.70 g;89.0;1.1;21.0;0.1;0.0
Vigus;1.20 g;44.0;2.4;8.3;0.1;0.0;2.0;0.0
Sapi; sosis (Worst);Tidak Diketahui;3.30 g;448.0;14.5;2.3;42.3;0.0
permen xylitol jeruk nipis;0 g;10.0;0.0;2.0;0.0;0.0;0.0;0.0
Taoge goreng;1.50 g;88.0;3.2;14.0;2.1;0.0;0.0;0.7
Sariroti Sandwich pandan sarikaya;1 g;110.0;2.0;19.0;2.5;4.0;180.0;1.0
Garlic parmesan (classic wings);1 g;206.0;16.0;1.0;15.0;0.0;0.0;1.0
Sapi; sosis (Leverworst);Tidak Diketahui;2.40 g;274.0;16.0;3.0;22.0;0.0
Monde Serena Egg Rolls Original;1 g;45.0;1.0;8.0;5.0;4.0;10.0;1.0
You C1000 Lemon Water;0 g;150.0;0.0;37.0;0.0;37.0;60.0;0.0
Gery Saluut Malkist;2 g;130.0;2.0;19.0;5.0;5.0;0.0;0.0
quaker instan oatmeal;4 g;140.0;4.0;24.0;3.5;0.0;0.0;0.0
Koro wedus / polong;0.80 g;46.0;3.0;7.9;0.3;0.0;2.0;3.3
Sirup Sunquick Exotic;0 g;45.0;0.0;11.0;0.0;11.0;0.0;0.0
Bubur tinotuan (Manado);1 g;156.0;2.3;15.6;0.2;0.0;486.0;8.2
Tony roma's;72 g;1001.0;72.0;1.0;76.0;0.0;0.0;0.0
Frisian flag full cream;7 g;140.0;7.0;13.0;7.0;11.0;100.0;0.0
Pop Ice flavour strawberry;1 g;20.0;1.0;22.0;2.0;19.0;35.0;0.0
Teajus Madu;0 g;30.0;0.0;7.0;0.0;7.0;5.0;0.0
KitKat;1 g;90.0;1.0;10.0;5.0;0.0;15.0;0.0
Daun semanggi;Tidak Diketahui;1.90 g;45.0;4.4;8.5;0.5;0.0;64.0
Saus Hoisin;1 g;100.0;1.0;22.0;0.5;21.0;0.0;1.0
Keddo bodong;1 g;290.0;4.6;55.2;5.7;0.0;0.0;0.0
Buah negri;Tidak Diketahui;0.80 g;55.0;1.2;12.2;0.1;0.0;10.0
Beras;Tidak Diketahui;0.10 g;99.0;1.7;22.4;0.3;0.0;26.0
Rempeyek kacang tolo;2.80 g;451.0;11.2;59.7;20.2;0.0;0.0;1.8
Quiznos Black angus steakhouse;4 g;780.0;47.0;88.0;27.0;19.0;0.0;4.0
Kerupuk mie kuning goreng;0.30 g;476.0;0.1;71.3;21.1;0.0;0.0;4.2
Permen Fisherman's friend original;0 g;0.0;0.0;0.0;0.0;0.0;0.0;0.0
Sante; segar;Tidak Diketahui;0.40 g;353.0;0.7;84.7;0.2;0.0
Es krim;0.80 g;210.0;4.0;20.6;12.5;0.0;78.0;0.0
Tepung singkong / Tapioka;1.10 g;363.0;1.1;88.2;0.5;0.0;1.0;0.9
Durian;Tidak Diketahui;8 g;134.0;2.5;28.0;3.0;0.0;1.0
Buah atung;Tidak Diketahui;1.80 g;23.0;0.8;5.2;0.2;0.0;0.0
Kue lumpur;1.10 g;291.0;3.6;44.1;11.1;0.0;0.0;0.0
Sedaap Tasty bakmi ayam;7 g;590.0;15.0;84.0;22.0;6.0;810.0;7.0
Shabu-shabu;0.90 g;88.0;3.2;0.8;8.0;0.0;514.0;0.9
Labu air;Tidak Diketahui;0.40 g;19.0;0.6;3.8;0.2;0.0;2.0
Buah nona;Tidak Diketahui;1 g;101.0;1.7;25.2;0.6;0.0;5.0
Jeruk ragi;Tidak Diketahui;0.40 g;49.0;0.7;11.1;0.2;0.0;4.0
Susu greenfields full cream;1 g;160.0;8.0;12.0;9.0;7.0;0.0;1.0
Kobe Tepung Bumbu Serbaguna Special;1 g;0.0;2.0;13.0;0.0;0.0;450.0;1.0
Auntie anne sour cream and onion pretzel;2 g;360.0;9.0;68.0;5.0;12.0;0.0;2.0
Tinoransa;Tidak Diketahui;1.20 g;516.0;17.7;0.0;49.5;0.0;1307.0
Roti putih / roti tawar;0.80 g;248.0;8.0;50.0;1.2;0.0;530.0;9.1
Daun lompong talas;Tidak Diketahui;1.60 g;44.0;3.0;7.4;0.8;0.0;3.0
prenagen esensis susu bubuk rasa moka;7 g;150.0;7.0;29.0;1.0;0.0;110.0;0.0
BANGO kecap manis (400 ml);0 g;60.0;0.0;15.0;0.0;13.0;400.0;0.0
Gulai pliek;2.70 g;176.0;7.3;3.2;14.9;0.0;257.0;0.0
Kacang hijau rebus;1.20 g;109.0;8.7;18.3;0.5;0.0;447.0;1.5
Gendar goreng;3 g;407.0;6.4;32.0;28.2;0.0;0.0;0.1
Nestle air minum;0 g;0.0;0.0;0.0;0.0;0.0;0.0;0.0
Dancow FortiGro rasa vanilla;5 g;50.0;5.0;14.0;6.0;11.0;90.0;0.0
Keju kraft quick melt;5 g;100.0;5.0;4.0;7.0;1.0;0.0;0.0
Haverjoy;8 g;140.0;3.0;25.0;3.5;0.0;0.0;8.0
Hydromama;0 g;0.0;0.0;18.0;0.0;15.0;85.0;0.0
Maizena;Tidak Diketahui;0.70 g;341.0;0.3;85.0;0.0;0.0;6.0
Biskuit Serena broniz;1 g;100.0;2.0;13.0;5.0;7.0;0.0;1.0
Pop Mie Goreng Pedas Gledek;6 g;370.0;6.0;45.0;18.0;0.0;930.0;0.0
Pop Mie PAKE NASI;7 g;350.0;7.0;48.0;15.0;0.0;1370.0;0.0
Kacang beracun;Tidak Diketahui;0.40 g;118.0;4.4;21.6;1.5;0.0;10.0
Yoshinoya Veggie beef bowl (Reguler bowl);5 g;650.0;24.0;95.0;20.0;4.0;0.0;5.0
SOYJOY FRUIT SOY BAR STRAWBERRY;3 g;40.0;4.0;19.0;4.5;11.0;30.0;3.0
Teajus Rasa Lemon;0 g;0.0;0.0;6.0;0.0;5.0;0.0;0.0
Nasi gemuk;1.60 g;192.0;3.8;24.4;8.8;0.0;355.0;0.7
Frisian flag coconut delight;6 g;160.0;6.0;25.0;5.0;14.0;95.0;0.0
Gudeg;Tidak Diketahui;2.10 g;160.0;3.3;16.0;9.2;0.0;0.0
Bumbu Nasi Goreng Royco;0 g;10.0;0.0;2.0;0.0;0.0;520.0;0.0
Sarden abc extra pedas;9 g;5.0;9.0;3.0;1.0;0.0;260.0;0.0
Ketan;Tidak Diketahui;0.90 g;212.0;4.0;38.6;4.6;0.0;0.0
Gowell sereal & susu rasa taro;2 g;120.0;2.0;23.0;2.5;0.0;165.0;0.0
Subway spicy italian sandwich;3 g;470.0;19.0;43.0;24.0;6.0;0.0;3.0
Srikaya;1.10 g;63.0;1.1;13.9;0.5;0.0;0.0;2.1
Markisa;Tidak Diketahui;0.80 g;144.0;3.5;29.8;1.2;0.0;37.0
Kacang kapri segar;0.90 g;98.0;6.7;17.7;0.4;0.0;6.0;6.2
Kapri muda;Tidak Diketahui;0.70 g;45.0;3.3;9.0;0.2;0.0;2.0
Cadbury Dairy Milk;2 g;160.0;2.0;18.0;2.0;15.0;0.0;0.0
Coklat Delfi dairy milk;2 g;150.0;2.0;15.0;9.0;12.0;0.0;0.0
Pencok lele;Tidak Diketahui;4.90 g;372.0;7.8;3.5;36.3;0.0;0.0
Daun bangun-bangun;Tidak Diketahui;1.60 g;27.0;1.3;4.0;0.6;0.0;4.0
Daun bawang merah;Tidak Diketahui;0.80 g;41.0;2.0;7.8;0.3;0.0;30.0
Daun belem;Tidak Diketahui;1.80 g;50.0;4.4;7.8;1.4;0.0;0.0
Daun singkong kopang;Tidak Diketahui;1.20 g;74.0;6.3;10.7;0.7;0.0;32.0
Mangga kopek;Tidak Diketahui;0.30 g;56.0;0.4;14.6;0.2;0.0;2.0
Pisang mas bali kopang;Tidak Diketahui;2.40 g;127.0;1.4;31.8;0.2;0.0;43.0
Yoshinoya Beef bowl (Reguler bowl);3 g;730.0;30.0;91.0;27.0;5.0;0.0;3.0
Yoshinoya Teriyaki (Reguler bowl);5 g;790.0;48.0;110.0;18.0;16.0;0.0;5.0
Chatime milk tea(no sugar);1.50 g;142.0;1.5;5.0;13.0;1.0;0.0;0.0
Sapi; segar;Tidak Diketahui;0.60 g;126.0;14.0;1.5;7.2;0.0
Ayam; goreng;Tidak Diketahui;10.10 g;473.0;45.2;13.9;26.3;0.0
Sapi; lemak; sedang; segar;Tidak Diketahui;1.20 g;201.0;18.8;0.0
"Sereal ENERGEN ""Kacang Hijau""";1 g;25.0;2.0;24.0;3.0;16.0;70.0;1.0
Energen Oat milk;2 g;100.0;3.0;16.0;2.0;1.0;0.0;2.0
Sop saudara;Tidak Diketahui;1.50 g;89.0;7.2;3.9;5.0;0.0;274.0
Saus sambal;0 g;27.0;0.0;6.7;0.0;6.5;0.0;0.0
Saus tomat;0.18 g;17.0;0.18;4.66;0.02;3.62;0.0;0.0
Saus Teriyaki;0 g;15.0;0.0;4.0;0.0;3.0;0.0;0.0
Jagung muda / semi;Tidak Diketahui;0.80 g;35.0;2.2;7.4;0.1;0.0;353.0
Kesemek;Tidak Diketahui;0.60 g;78.0;0.8;20.0;0.4;0.0;0.0
Chatime milk tea;1.50 g;302.0;1.5;44.5;13.0;39.5;0.0;0.0
Chatime mango smoothie;0.50 g;228.0;0.5;55.5;0.5;54.0;0.0;0.0
Chatime matcha red bean smoothie;4.50 g;384.0;4.5;67.0;10.5;58.0;0.0;0.0
Buah rukam;Tidak Diketahui;0.80 g;113.0;0.8;26.8;0.3;0.0;2.0
Daging kambing (segar);3.90 g;149.0;16.6;0.0;9.2;0.0;96.0;0.0
Gulai kambing;1.80 g;126.0;4.2;6.2;9.4;0.0;302.0;0.0
Sop kambing;Tidak Diketahui;1 g;34.0;5.5;1.1;0.8;0.0;348.0
Kacang tanah sari;2.60 g;561.0;25.5;26.0;43.8;0.0;0.0;2.2
Saridele;Tidak Diketahui;4 g;344.0;30.0;43.0;20.0;0.0;56.0
Tempe pasar;0.90 g;150.0;14.0;9.1;7.7;0.0;7.0;1.4
Diabetasol (vanilla malt);3 g;170.0;8.0;26.0;4.0;0.0;0.0;3.0
Ayam goreng pasundan;Tidak Diketahui;2.50 g;245.0;33.1;0.3;11.4;0.0;0.0
Ayam goreng pasundan;Tidak Diketahui;2.30 g;246.0;37.9;0.7;9.0;0.0;0.0
Minyak wijen;0 g;881.0;0.2;0.0;99.7;0.0;2.0;0.0
Indomie soto padang;6 g;330.0;8.0;44.0;14.0;0.0;0.0;6.0
Batatas kelapa bakar;0.70 g;110.0;1.4;23.4;1.1;0.0;12.0;4.5
Selai Nutella;2 g;200.0;2.0;23.0;12.0;0.0;0.0;0.0
Peanut;8.50 g;567.0;25.8;16.13;49.24;0.0;0.0;8.5
Kacang walnut;6.70 g;654.0;15.23;13.71;65.21;0.0;0.0;6.7
Langsat;Tidak Diketahui;0.50 g;56.0;0.9;14.3;0.2;0.0;1.0
Bubur sagu;0.30 g;167.0;0.2;33.0;4.0;0.0;7.0;0.0
Burung; segar;Tidak Diketahui;5.30 g;281.0;37.5;32.1;0.3;0.0
Promina smooth kacang hijau;8 g;210.0;8.0;35.0;4.5;0.0;150.0;0.0
Prunes (kering);7.10 g;240.0;2.18;63.88;0.38;0.0;0.0;7.1
Minyak ikan;0 g;902.0;0.0;0.0;100.0;0.0;0.0;0.0
Minyak kacang tanah;0 g;902.0;0.0;0.0;100.0;0.0;0.0;0.0
Salak pondoh;0.80 g;87.0;0.8;20.1;0.4;0.0;0.0;0.0
Almond;Tidak Diketahui;9.70 g;613.0;19.3;16.13;54.84;0.0;710.0
Chikiniku;Tidak Diketahui;0.60 g;143.0;9.8;22.8;1.4;0.0;531.0
Lumpia Sayur;0.60 g;63.0;1.99;7.44;2.84;0.75;207.0;0.6
Lumpia ayam;0.50 g;65.0;3.03;7.12;2.61;0.37;124.0;0.5
Hokben Bento special 1;24.20 g;612.0;24.2;74.8;23.6;0.0;0.0;0.0
Hokben paket B;26.30 g;522.0;26.3;52.8;22.4;0.0;0.0;0.0
Hoka hemat 4;20.30 g;413.0;20.3;47.2;15.3;0.0;0.0;0.0
Hokben Paket C;35.40 g;625.0;35.4;64.0;24.1;0.0;0.0;0.0
Tekwan;Tidak Diketahui;1.10 g;53.0;1.9;9.4;0.9;0.0;173.6
Kwark / Bagot;2 g;242.0;19.0;3.0;17.0;0.0;37.0;0.0
Sawi hijau;Tidak Diketahui;1.20 g;28.0;2.3;4.0;0.3;0.0;22.0
Sawi putih / pecai;Tidak Diketahui;0.60 g;9.0;1.0;1.7;0.1;0.0;5.0
san remo pasta sauce bolognese mushroom;2.10 g;77.0;2.1;8.6;3.6;4.8;0.0;0.0
Pasta La fonte spaghetti with bolognese sauce;6 g;420.0;10.0;93.0;0.0;0.0;0.0;6.0
La pasta royale cheese bolognese;8 g;340.0;10.0;64.0;6.0;10.0;0.0;8.0
MR.P Garlic peanut;6 g;240.0;6.0;14.0;17.0;0.0;0.0;0.0
Mr. Bread Roti manis pandan coklat srikaya;7 g;330.0;7.0;50.0;11.0;12.0;330.0;0.0
Mangga kwini;Tidak Diketahui;0.40 g;86.0;0.7;19.8;0.5;0.0;1.0
Wine;0.07 g;83.0;0.07;2.72;0.0;0.0;0.0;0.0
Sonice Chicken wing;20 g;220.0;20.0;4.0;14.0;0.0;0.0;0.0
Ikan Cakalang; segar;Tidak Diketahui;0.90 g;86.0;10.2;8.7;1.1;0.0
Pizza hut super supreme;3 g;410.0;16.0;37.0;22.0;2.0;0.0;3.0
Apel malang;Tidak Diketahui;0.30 g;57.0;0.5;12.8;0.4;0.0;3.6
Apel;Tidak Diketahui;0.30 g;58.0;0.3;14.9;0.4;0.0;2.0
Beetroot (mentah);1.61 g;43.0;1.61;9.56;0.17;0.0;0.0;0.0
French fries 2000 dengan saos sambal colek;0 g;45.0;0.0;8.0;1.5;0.0;125.0;0.0
Saori Saus Mentega;0 g;0.0;0.0;2.0;0.0;0.0;200.0;0.0
Pizza hut super supreme personal;1 g;170.0;7.0;17.0;9.0;2.0;0.0;1.0
Super bihun kuah;3 g;190.0;4.0;36.0;2.5;0.0;1190.0;3.0
Super bihun goreng;4 g;250.0;4.0;46.0;5.0;3.0;0.0;4.0
Burger Carl's Jr super star with cheese;4 g;920.0;48.0;59.0;56.0;13.0;0.0;4.0
Coca cola;0.26 g;136.0;0.26;35.18;0.07;0.0;0.0;0.0
Gulai pakis;2.60 g;143.0;4.0;6.0;11.4;0.0;0.0;1.4
Hydro coco;7 g;60.0;0.0;18.0;0.0;10.0;0.0;7.0
Gulai ikan;Tidak Diketahui;2 g;106.0;16.5;2.5;3.3;0.0;743.0
Tim tam chocolate;2 g;150.0;2.0;21.0;7.0;0.0;0.0;0.0
Loacker chocolate;7.70 g;511.0;7.7;59.0;26.0;0.0;0.0;0.0
Tango chocolate;1 g;100.0;1.0;14.0;4.0;0.0;0.0;0.0
Sapi; segar;Tidak Diketahui;0.90 g;84.0;10.5;0.2;4.6;0.0
Klepon;4.75 g;366.0;4.75;65.82;9.34;0.0;79.0;0.0
Pisang raja sereh;Tidak Diketahui;1 g;108.0;1.3;28.2;0.3;0.0;31.0
Pisang raja;Tidak Diketahui;1 g;120.0;1.2;31.8;0.2;0.0;35.0
Geplak;1 g;350.0;1.4;53.6;14.4;0.0;0.0;1.8
Kalakai;Tidak Diketahui;0.90 g;38.0;2.4;6.6;0.2;0.0;7.0
Yakult;1 g;50.0;1.0;11.0;0.0;10.0;0.0;0.0
Cheesecake Factory ultimate red velvet cake cheesecake;1 g;1570.0;14.0;125.0;116.0;105.0;0.0;1.0
Susu kedelai V Soy Multigrain;6.10 g;169.0;6.1;20.4;6.9;16.3;0.0;0.0
Multigrain Bread;8 g;240.0;8.0;38.0;6.0;5.0;0.0;0.0
Beberuk;1.10 g;65.0;1.1;3.5;5.2;0.0;53.0;3.1
Bebek; goreng;Tidak Diketahui;2 g;300.0;24.0;4.5;20.7;0.0
Sagu kasbi segar;0.20 g;230.0;0.6;56.5;0.2;0.0;100.0;3.0
Kedongdong masak;Tidak Diketahui;0.60 g;46.0;1.0;10.3;0.1;0.0;2.0
Tauji cap singa;6.20 g;277.0;9.1;49.6;4.7;0.0;0.0;1.2
Kawista;Tidak Diketahui;1.40 g;120.0;3.5;20.8;2.5;0.0;9.0
So good Almond milk original;0.70 g;74.0;1.4;9.0;3.4;8.6;0.0;0.7
Susu almond So good Almond Milk unsweetend;0.80 g;41.0;1.4;0.8;3.5;0.3;0.0;0.8
Pocky Chocolate;3 g;230.0;3.0;32.0;10.0;12.0;0.0;0.0
Pocky Cookies dan cream;3 g;210.0;3.0;26.0;10.0;11.0;0.0;0.0
Pocky Strawberry;3 g;220.0;3.0;31.0;10.0;9.0;0.0;0.0
Buavita royale sunshine carrot;2 g;120.0;0.0;28.0;0.0;25.0;0.0;2.0
Buavita royale chloro broccoli;0 g;120.0;0.0;29.0;0.0;27.0;0.0;0.0
Ades;0 g;0.0;0.0;0.0;0.0;0.0;0.0;0.0
Ademsari chingku;0 g;110.0;0.0;27.0;0.0;25.0;0.0;0.0
Sprite (kaleng);0 g;100.0;0.0;25.0;0.0;25.0;0.0;0.0
Chicken teriyaki;1.70 g;168.0;13.0;7.5;9.6;0.0;959.0;0.8
Kura-kura;Tidak Diketahui;0.70 g;83.0;19.1;0.0;0.2;0.0;0.0
Kuro;Tidak Diketahui;0.90 g;87.0;16.0;1.0;2.2;0.0;0.0
Mcdonald Cheeseburger;2 g;300.0;15.0;33.0;12.0;7.0;0.0;2.0
Sapi; segar;Tidak Diketahui;1.50 g;108.0;17.6;0.0;4.2;0.0
Mcdonald Big mac burger;3 g;540.0;25.0;46.0;28.0;9.0;0.0;3.0
Mcdonald Hamburge;1 g;250.0;13.0;31.0;8.0;6.0;0.0;1.0
Lovy cookies chocobutter;2 g;150.0;2.0;20.0;8.0;8.0;0.0;0.0
Lovy cookies coffeeccino;2 g;150.0;2.0;20.0;7.0;7.0;0.0;0.0
Susu bebelove 6-12bln;0.80 g;140.0;3.0;18.0;6.0;16.2;64.0;0.8
Promina milky beras merah;8 g;210.0;8.0;35.0;4.5;0.0;150.0;0.0
Promina pisang susu;8 g;210.0;8.0;35.0;4.5;0.0;150.0;0.0
Mangga indramayu;Tidak Diketahui;0.10 g;72.0;0.8;18.7;0.2;0.0;3.0
Maestro light Mayonnaise;0 g;50.0;0.0;7.0;5.0;0.0;130.0;0.0
Ikan Pindang banjar;Tidak Diketahui;7 g;157.0;28.0;1.8;4.2;0.0;0.0
Ikan Pindang benggol;Tidak Diketahui;7.80 g;170.0;31.0;0.0;4.2;0.0;0.0
Ikan Pindang layang;Tidak Diketahui;7.20 g;153.0;30.0;0.0;2.8;0.0;0.0
La Fonte Fettuccine-30 Pasta;2 g;0.0;8.0;45.0;0.0;3.0;40.0;2.0
Daun jampang;Tidak Diketahui;1.50 g;34.0;3.8;5.3;0.5;0.0;0.0
sambal pecel;9 g;220.0;9.0;23.0;10.0;0.0;0.0;0.0
Cerebrofort Marine Gummy Strawberry;1 g;0.0;1.0;8.0;0.0;6.0;10.0;0.0
Pecel sayur dengan lauk;25.17 g;408.0;25.17;27.07;25.18;0.0;272.0;0.0
Teh celup sosro;0 g;0.0;0.0;0.0;0.0;0.0;0.0;0.0
teh cap dandang black tea;0 g;0.0;0.0;0.0;0.0;0.0;0.0;0.0
Bawang merah;Tidak Diketahui;1 g;46.0;1.5;9.2;0.3;0.0;7.0
Bawang putih;Tidak Diketahui;1.80 g;112.0;4.5;21.3;0.2;0.0;46.0
Balichong;3.60 g;152.0;13.2;22.9;0.8;0.0;120.0;1.5
Batatas kelapa kukus;1.80 g;92.0;1.2;21.0;0.3;0.0;10.0;4.1
Kuaci Rebo origial;3 g;110.0;5.0;3.0;9.0;0.0;130.0;3.0
KFC Original recipe dada;39 g;390.0;39.0;11.0;21.0;0.0;0.0;0.0
KFC Original recipe paha bawah;12 g;130.0;12.0;4.0;8.0;0.0;0.0;0.0
KFC Original recipe paha atas;19 g;280.0;19.0;8.0;19.0;0.0;0.0;0.0
KFC Original recipe sayap;10 g;130.0;10.0;3.0;8.0;0.0;0.0;0.0
Keribang; segar;Tidak Diketahui;0.80 g;137.0;1.3;29.8;1.1;0.0
Kue bangket;0.90 g;388.0;1.5;80.3;1.2;0.0;67.0;0.0
Lengkuas/Boros laja;Tidak Diketahui;1 g;26.0;1.0;4.7;0.3;0.0;24.0
Cheesecake Factory carrot cake;5 g;1710.0;15.0;146.0;122.0;117.0;0.0;5.0
Tummy yogurt mango carrot;11 g;150.0;3.0;29.0;2.0;18.0;0.0;11.0
Corn flakes;1 g;110.0;2.0;26.0;0.0;3.0;0.0;1.0
Eskrim cornetto chocolate;2 g;260.0;3.0;34.0;12.0;22.0;0.0;2.0
Kerokot;Tidak Diketahui;1.10 g;26.0;1.7;3.8;0.4;0.0;4.0
Coklat Lindt 70% Cocoa smooth dark;3 g;250.0;3.0;17.0;19.0;12.0;0.0;3.0
Teh Kotak Less Sugar;0 g;70.0;0.0;19.0;0.0;0.0;5.0;0.0
Granola creation tropical fruit and nuts;2 g;162.0;7.0;23.0;5.0;5.0;0.0;2.0
Go Natural fruit and nut delight;5.40 g;230.0;6.2;20.7;13.5;12.1;0.0;5.4
Carman's fruit and nut;3.10 g;183.0;4.1;25.1;6.7;7.8;0.0;3.1
Sonice Chicken Stick;13 g;250.0;13.0;13.0;17.0;0.0;0.0;0.0
Sonice Chicken karage;12 g;300.0;12.0;21.0;18.0;0.0;0.0;0.0
Ikan Tongkol;Tidak Diketahui;2.10 g;100.0;13.7;8.0;1.5;0.0;202.0
lontong;1.20 g;144.0;2.76;31.76;0.23;0.12;0.0;1.2
Cimory Soyamilk;10 g;260.0;10.0;42.0;6.0;18.0;0.0;0.0
Cimory yogurt set low fat;5 g;60.0;5.0;8.0;1.5;0.0;0.0;0.0
Cimory yogurt drink;26 g;180.0;6.0;32.0;2.0;0.0;0.0;26.0
Salak bali;0.70 g;57.0;0.5;13.6;0.1;0.0;0.0;1.3
Salak medan;8.50 g;55.0;0.4;12.8;0.2;0.0;39.0;3.2
Salak;0.70 g;77.0;0.4;20.9;0.0;0.0;0.0;0.0
Jamur tiram;Tidak Diketahui;0.60 g;30.0;1.9;5.5;0.1;0.0;22.0
Rujak cingur;1.40 g;153.0;11.3;8.0;8.4;0.0;0.0;1.4
Pisang angleng (pisang ampyang);Tidak Diketahui;1 g;68.0;1.3;17.2;0.2;0.0;23.0
Anggur hutan;Tidak Diketahui;0.20 g;30.0;0.5;6.8;0.2;0.0;0.0
Gurame asem manis;Tidak Diketahui;2.40 g;192.0;12.7;12.7;10.1;0.0;0.0
kopi kapal api special mix;1 g;100.0;1.0;23.0;1.0;0.0;10.0;0.0
WRP truil bar;2 g;80.0;1.0;14.0;3.5;7.0;0.0;2.0
WRP deli chips;3 g;210.0;1.0;26.0;11.0;1.0;0.0;3.0
Arwan sirsir;2.90 g;277.0;2.4;10.7;25.0;0.0;240.0;4.6
Sirsak;0.70 g;65.0;1.0;16.3;0.3;0.0;2.0;3.2
Gula putih / Gula Pasir;0.60 g;394.0;0.0;94.0;0.0;0.0;1.0;0.0
Sirup;1 g;213.0;0.0;55.0;0.0;0.0;3.0;0.0
yoghurt cimory;5 g;180.0;6.0;36.0;2.0;26.0;90.0;5.0
Kelapa parut;3 g;283.0;3.0;10.0;27.0;0.0;0.0;0.0
Ikan Layang;Tidak Diketahui;2.30 g;109.0;22.0;0.0;1.7;0.0;0.0
Ikan Layur;Tidak Diketahui;0.50 g;82.0;18.0;0.4;1.0;0.0;0.0
Lays krim dan bawang;2 g;110.0;2.0;11.0;6.0;0.0;0.0;0.0
Bunga pepaya;Tidak Diketahui;1.70 g;45.0;2.6;8.1;0.3;0.0;2.0
Daun kubis; segar;Tidak Diketahui;2.20 g;51.0;2.5;8.0;1.1;0.0
Erbis;Tidak Diketahui;0.50 g;70.0;0.6;18.9;0.0;0.0;21.0
Belibis; segar;Tidak Diketahui;1.40 g;131.0;20.2;2.8;4.3;0.0
Jagung titi;0.10 g;374.0;9.4;79.1;2.2;0.0;0.0;0.8
Kepiting; segar;Tidak Diketahui;0.20 g;151.0;13.8;14.1;3.8;0.0
Del Monte Barbaque Sauce (250 g);0 g;60.0;0.0;14.0;0.0;10.0;880.0;0.0
Kacang belimbing rebus;1.20 g;204.0;16.9;17.5;8.8;0.0;43.0;4.8
Tempe kacang belimbing;1.40 g;212.0;17.5;12.9;10.0;0.0;0.0;2.9
Belimbing;Tidak Diketahui;0.40 g;36.0;0.4;8.8;0.4;0.0;4.0
Nutrisari Es Rujak;0 g;50.0;0.0;12.0;0.0;10.0;150.0;0.0
Rujak lontong;11.98 g;243.0;11.98;24.7;12.3;0.0;278.0;0.0
Belitung kukus;1.10 g;145.0;1.2;34.2;0.4;0.0;7.0;1.0
Enting-enting gepuk kacang tanah;1.40 g;524.0;13.3;52.0;29.2;0.0;0.0;0.2
Pisang kepok;Tidak Diketahui;1 g;109.0;0.8;26.3;0.5;0.0;10.0
Pisang kepok rebus;1.55 g;145.0;1.55;37.91;0.44;0.0;5.0;0.0
Meiji Plain Crackers with Oat;2 g;120.0;3.0;19.0;3.5;0.0;120.0;2.0
Meiji Plain Crackers (isi 4 bungkus);2 g;120.0;3.0;19.0;3.5;1.0;125.0;2.0
Barongko;0.70 g;159.0;3.1;23.5;5.8;0.0;46.0;0.0
Ikan Baubara;Tidak Diketahui;1.60 g;100.0;14.7;4.9;2.4;0.0;390.0
Ketumbar;Tidak Diketahui;4.40 g;418.0;14.1;54.2;16.1;0.0;91.0
Saladstop Omega 3 baby;6.70 g;391.3;17.3;18.6;28.7;9.6;0.0;6.7
Blue Band;0 g;90.0;0.0;0.0;10.0;0.0;125.0;0.0
Gilus mix sensasi aroma pandan (isi 10 sachet);1 g;90.0;1.0;21.0;0.5;17.0;0.0;0.0
Sasa Santan Kelapa;0 g;35.0;0.0;1.0;4.0;0.0;15.0;0.0
Sasa Santan Kelapa Coconut Cream;0 g;35.0;0.0;1.0;4.0;0.0;15.0;0.0
Sasa Tepung Bakwan;0 g;0.0;1.0;8.0;0.0;1.0;150.0;0.0
Goldenfil Choco Crunchy;1 g;30.0;1.0;13.0;6.0;10.0;20.0;0.0
san remo sauce tomato basil;2 g;96.0;2.0;11.5;4.6;7.4;0.0;0.0
Silky Pudding Coklat;3 g;130.0;3.0;23.0;3.5;0.0;35.0;0.0
Kacang kedelai rebus;2.10 g;189.0;20.2;12.7;8.2;0.0;181.0;1.6
Kacang komak;Tidak Diketahui;2.60 g;327.0;16.4;55.8;4.3;0.0;22.0
Emping komak;2.70 g;355.0;17.8;60.7;4.6;0.0;24.0;0.0
Komak;Tidak Diketahui;1.10 g;99.0;3.3;21.2;0.1;0.0;15.0
Chatime hazelnut milk tea;1 g;244.0;1.0;36.0;10.5;28.5;0.0;0.0
Chatime hazelnut milk tea (no sugar);1 g;185.0;1.0;20.5;11.0;15.0;0.0;0.0
gastone lago poker wafer with hazelnut cream;1 g;130.0;1.0;17.0;6.0;0.0;35.0;0.0
Saga merah terkupas;Tidak Diketahui;3.90 g;449.0;30.6;31.9;25.5;0.0;66.0
Mom's Recipe Silky Pudding rasa peach (155 g);9 g;430.0;9.0;76.0;10.0;56.0;150.0;0.0
Mom's Recipe Silky Pudding rasa biskuit (155 g);7 g;440.0;7.0;75.0;13.0;51.0;320.0;0.0
Mom's Recipe Silky Pudding rasa cokelat (155 g);3 g;130.0;3.0;23.0;3.5;17.0;35.0;0.0
Mom's Recipe Silky Pudding rasa permen karet (155 g);3 g;130.0;3.0;24.0;3.0;17.0;40.0;0.0
Kewpie mayonais original;1 g;100.0;1.0;0.0;11.0;0.0;70.0;0.0
Kewpie Thousand island;1 g;70.0;1.0;4.0;6.0;0.0;260.0;0.0
Kewpie Tomat pedas;1 g;80.0;1.0;5.0;6.0;0.0;350.0;0.0
Kewpie Wijen sangrai;1 g;90.0;1.0;5.0;7.0;0.0;190.0;0.0
Kentang;Tidak Diketahui;0.80 g;62.0;2.1;13.5;0.2;0.0;7.0
Happytos;1 g;144.0;2.0;16.0;7.0;0.0;0.0;1.0
japato potato chips rasa happy honey butter;1 g;100.0;1.0;13.0;5.0;0.0;270.0;0.0
Happy Tos Corn Chips;1 g;130.0;2.0;16.0;6.0;1.0;100.0;1.0
Yoshinoya Beef bowl (Large bowl);5 g;1040.0;43.0;131.0;38.0;8.0;0.0;5.0
Yoshinoya Teriyaki (Large bowl);9 g;1140.0;66.0;165.0;25.0;25.0;0.0;9.0
Daun sintrong;Tidak Diketahui;1.90 g;36.0;2.6;6.1;0.9;0.0;64.0
Daun ubi tinta;Tidak Diketahui;1.20 g;55.0;1.7;11.9;0.1;0.0;10.0
Sukun muda;1 g;119.0;1.4;28.1;0.2;0.0;24.0;1.4
Kacang tanah sangan tanpa selaput;2.70 g;559.0;26.9;23.6;44.2;0.0;33.0;2.6
Daun selasih;Tidak Diketahui;1.90 g;62.0;4.0;10.5;0.5;0.0;3.0
Peterseli;Tidak Diketahui;2.40 g;53.0;3.7;9.0;1.0;0.0;18.0
Kenari kering;3 g;657.0;15.0;13.0;66.0;0.0;3.0;0.0
Pindang kenari;Tidak Diketahui;2.80 g;124.0;9.5;0.0;9.6;0.0;370.0
Daun pepaya;Tidak Diketahui;2.70 g;87.0;8.0;11.9;2.0;0.0;4.0
Kabau;Tidak Diketahui;0.60 g;130.0;6.7;25.2;0.3;0.0;1.0
Ayam goreng sukabumi;Tidak Diketahui;3.40 g;244.0;36.7;1.0;9.2;0.0;0.0
Ayam goreng sukabumi;Tidak Diketahui;3.60 g;283.0;35.7;0.5;14.3;0.0;0.0
Jamur encik;2.70 g;296.0;9.4;62.0;0.1;0.0;2.0;0.0
French fries;4 g;380.0;5.0;53.0;17.0;0.0;0.0;4.0
Curry Croquette;1 g;180.0;1.0;21.0;9.0;1.0;0.0;1.0
Jantung pisang segar;1.20 g;32.0;1.2;7.1;0.3;0.0;3.0;3.2
Jeruk nipis;Tidak Diketahui;0.40 g;44.0;0.5;10.0;0.2;0.0;3.0
Pempek belida;Tidak Diketahui;1.40 g;156.0;4.2;31.6;1.4;0.0;0.0
Pempek kapal selam;Tidak Diketahui;1.60 g;152.0;4.5;28.2;2.3;0.0;628.0
Sapi; segar;Tidak Diketahui;2.10 g;183.0;12.0;1.4;14.4;0.0
Ayam brand tuna dalam air;13 g;50.0;13.0;0.0;0.0;0.0;0.0;0.0
Daun matel ambon;Tidak Diketahui;3 g;71.0;6.8;11.5;1.6;0.0;0.0
Daun singkong ambon;Tidak Diketahui;2.90 g;144.0;12.7;25.2;1.2;0.0;44.0
Pisang ambon;Tidak Diketahui;1 g;108.0;1.0;24.3;0.8;0.0;10.0
WRP lose weight meal replacement;3 g;15.0;14.0;35.0;1.5;16.0;260.0;3.0
Ayam bacem;13.70 g;147.0;13.7;8.3;6.7;0.0;0.0;0.0
Tahu bacem;1.90 g;24.0;1.9;1.09;1.47;0.0;34.0;0.0
cemcem pilus rasa keju panggang;1 g;100.0;1.0;13.0;5.0;0.0;270.0;0.0
Pronas kornet ayam;2 g;70.0;5.0;5.0;3.0;0.0;0.0;2.0
Tebu terubuk (lilin);Tidak Diketahui;1 g;30.0;4.6;3.0;0.4;0.0;699.0
Bentul kukus;0.90 g;71.0;2.3;15.4;0.3;0.0;0.0;0.5
Nanas palembang;Tidak Diketahui;0.30 g;58.0;0.7;13.3;0.2;0.0;7.0
Empal (daging) goreng;Tidak Diketahui;2 g;248.0;36.2;10.1;6.9;0.0;848.0
Ikan Paling;Tidak Diketahui;1 g;303.0;14.0;0.0;27.0;0.0;43.0
Esprecielo caramel macchiato;0 g;110.0;1.0;17.0;4.0;10.0;0.0;0.0
Starbucks Espresso Brownie;4 g;370.0;4.0;43.0;21.0;30.0;115.0;0.0
Piatos iga penyet;0 g;60.0;0.0;7.0;3.5;0.0;80.0;0.0
piattos iga penyet;1 g;60.0;1.0;13.0;7.0;0.0;160.0;0.0
Pia 100 Rasa Kacang Hijau;2 g;100.0;2.0;17.0;3.0;0.0;15.0;0.0
japato potato chips rasa rumput laut;1 g;150.0;1.0;15.0;10.0;0.0;150.0;0.0
Pork rib;19.90 g;211.0;19.9;0.0;12.01;0.0;0.0;0.0
Kacang tanah sangan;2.10 g;560.0;29.5;24.1;43.0;0.0;34.0;2.9
Frozen food Puff Pastry Sheet;3 g;200.0;3.0;18.0;13.0;0.0;0.0;0.0
Cheetos Puffs;0.90 g;160.0;2.0;16.0;10.0;0.9;0.0;0.9
Promina puff rasa blueberry;1 g;80.0;1.0;10.0;3.0;0.0;0.0;0.0
Floridina Orange Pulp & Coco Bitz;0 g;90.0;0.0;21.0;0.0;19.0;25.0;0.0
Minute Maid Pulpy rasa jambu;0 g;0.0;0.0;23.0;0.0;22.0;20.0;0.0
Minute Maid Pulpy rasa jeruk;0 g;130.0;0.0;34.0;0.0;27.0;45.0;0.0
Minute Maid Pulpy rasa anggur dengan nata de coco;0 g;0.0;0.0;28.0;0.0;24.0;10.0;0.0
kentang rebus;2.50 g;76.0;1.37;17.72;0.14;5.74;27.0;2.5
Ikan Cakalang;Tidak Diketahui;1.20 g;107.0;19.6;5.5;0.7;0.0;66.0
Jawara cabai tabur jambal;0 g;10.0;0.0;2.0;0.0;0.0;150.0;0.0
Jawara cabai tabur bawang goreng;0 g;10.0;0.0;2.0;0.0;0.0;150.0;0.0
Red Bull;0 g;112.0;0.0;28.0;0.0;0.0;0.0;0.0
Sushi red bull roll;1 g;484.0;28.0;72.0;7.5;28.0;0.0;1.0
OREO SOFT CAKE;1 g;80.0;1.0;8.0;5.0;0.0;50.0;0.0
Koko krunch;1 g;110.0;2.0;23.0;1.0;9.0;0.0;1.0
Krupuk udang Ny. Siok (mentah);2 g;70.0;2.0;16.0;0.0;2.0;260.0;0.0
Cookies Oat krunch coklat gelap;2 g;120.0;2.0;18.0;4.5;6.0;0.0;2.0
Kacang tunis;3.20 g;351.0;12.2;72.9;1.2;0.0;1.0;29.5
Carica papaya;Tidak Diketahui;0.90 g;24.0;1.9;3.7;0.2;0.0;0.0
Rica-rica taipa;1.40 g;49.0;1.6;10.0;0.3;0.0;426.0;0.0
Babi hutan masak rica;2.70 g;491.0;24.6;0.2;16.3;0.0;1415.0;0.0
Tikus rica;Tidak Diketahui;4 g;257.0;18.8;3.8;18.5;0.0;1724.0
Merica;Tidak Diketahui;4.40 g;365.0;11.5;64.4;6.8;0.0;4.0
Ale; tauge; kecambah; segar;Tidak Diketahui;0.70 g;37.0;4.4;3.8
Folabee rasa coklat;2 g;25.0;3.0;26.0;5.0;9.0;190.0;2.0
Pop Ice Rasa Cokelat;1 g;10.0;1.0;22.0;1.0;17.0;35.0;0.0
Matcha Tea Latte;6.50 g;190.0;6.5;31.5;4.0;30.0;0.0;0.0
Labu kuning;Tidak Diketahui;1.20 g;51.0;1.7;10.0;0.5;0.0;280.0
Susu Slim dan fit coklat;5 g;200.0;15.0;30.0;3.0;12.0;0.0;5.0
Susu Slim dan fit vanila;5 g;200.0;15.0;30.0;2.5;13.0;0.0;5.0
Fitmee mie goreng Korea;3 g;150.0;1.0;29.0;4.0;6.0;400.0;3.0
Fitmee rasa soto;2 g;60.0;0.0;10.0;2.0;2.0;430.0;2.0
Terong asam;Tidak Diketahui;0.80 g;37.0;2.0;6.3;0.4;0.0;3.0
Lema / rebung asam;0.40 g;15.0;1.0;1.9;0.4;0.0;3.0;0.0
san remo pasta sauce spaghetti (mentah);3.80 g;457.0;15.0;90.0;2.5;3.1;0.0;3.8
Pasta La fonte spaghetti with mushroom sauce;3 g;340.0;8.0;60.0;4.0;7.0;0.0;3.0
Pasta La fonte spaghetti with chicken sauce;4 g;340.0;10.0;57.0;8.0;0.0;0.0;4.0
tini mini biti;1 g;60.0;1.0;8.0;2.5;0.0;140.0;0.0
Kacang atom;2.20 g;533.0;27.8;28.8;38.1;0.0;0.0;2.5
Tomat merah;Tidak Diketahui;0.60 g;24.0;1.3;4.7;0.5;0.0;10.0
Tomat muda;Tidak Diketahui;2 g;24.0;2.0;3.3;0.7;0.0;10.0
Ikan Katombo asin;100 g;162.0;31.7;0.3;2.8;0.0;4393.0;0.0
Yogurt greek yummy strawberry;8 g;120.0;8.0;16.0;3.0;9.0;70.0;0.0
Mayumi saus creamy serbaguna rasa pedas (180 g);591 g;100.0;0.0;3.0;10.0;3.0;270.0;0.0
Yummy bites Originak;2 g;50.0;2.0;8.0;1.0;2.0;35.0;0.0
Soboro Bread;1 g;300.0;7.0;56.0;7.0;16.0;0.0;1.0
Beras siger;0.70 g;344.0;1.1;28.3;0.2;0.0;106.0;5.6
Doritos Nacho Cheese;2 g;100.0;2.0;12.0;5.0;0.0;125.0;0.0
Ayam; goreng;Tidak Diketahui;1.80 g;270.0;32.3;9.9;11.2;0.0
Sop daging sapi;Tidak Diketahui;0.90 g;49.0;5.8;5.3;0.5;0.0;391.0
Sop kaki sapi;Tidak Diketahui;0.90 g;68.0;9.0;3.7;1.9;0.0;435.0
Gatep;Tidak Diketahui;1.60 g;191.0;4.5;39.7;1.5;0.0;17.0
Teh botol sosro tawar;0 g;0.0;0.0;0.0;0.0;0.0;0.0;0.0
Keju Castello Brie;0 g;73.0;5.0;0.03;6.0;0.03;0.0;0.0
Keju Castello camembert;5 g;73.0;5.0;0.03;6.0;0.03;0.0;0.0
Betok wadi;Tidak Diketahui;3.40 g;145.0;16.3;4.1;7.0;0.0;69.0
Ikan Papuyu / betok;Tidak Diketahui;1.20 g;120.0;14.3;4.6;4.9;0.0;240.0
Diabetasol sweetener;0 g;0.0;0.0;1.0;0.0;0.0;0.0;0.0
MILO cereal;2 g;110.0;2.0;23.0;1.0;9.0;0.0;2.0
Origo coffe cereal latte;6.80 g;238.0;6.8;38.69;6.0;17.39;0.0;0.0
Ayam brand chilli tuna;8 g;100.0;8.0;3.0;6.0;2.0;0.0;0.0
Baked Potato Chili'n cheese;8 g;460.0;19.0;71.0;11.0;7.0;0.0;8.0
Chili Cheese Fries ( 1 porsi);6 g;500.0;16.0;53.0;25.0;4.0;0.0;6.0
hilo teen;6 g;25.0;6.0;33.0;2.5;26.0;135.0;0.0
Gemez Enaak Snack Mi;2 g;40.0;2.0;13.0;4.0;0.0;240.0;0.0
Pankreas kambing (mentah);0 g;152.0;14.84;0.0;9.82;0.0;0.0;0.0
Domino Pizza Beef Pepperoni feast;2 g;370.0;16.0;36.0;17.0;3.0;890.0;2.0
Jasuke;Tidak Diketahui;3.22 g;86.0;3.22;19.02;1.18;0.0;0.0
TEH KOTAK JASMINE TEA;0 g;100.0;0.0;26.0;0.0;26.0;15.0;0.0
Sayur lilin-terubuk;1.40 g;36.0;2.7;4.8;0.7;0.0;30.0;1.4
Yupi Gummy Pizza;1 g;0.0;1.0;12.0;0.0;8.0;0.0;0.0
Labu waluh;Tidak Diketahui;1 g;32.0;1.1;6.6;0.1;0.0;1.0
Waluh balamak;1 g;45.0;0.8;8.1;0.9;0.0;61.0;7.9
Ikan Kawalinya;Tidak Diketahui;1.70 g;110.0;12.6;5.4;4.2;0.0;340.0
Brongkos;2.40 g;141.0;15.3;12.6;3.3;0.0;0.0;1.0
Mujahir acar kuning;Tidak Diketahui;4.60 g;330.0;17.8;12.1;23.4;0.0;0.0
Kuaci Rebo salted caramel;1 g;50.0;2.0;1.0;4.0;0.0;90.0;1.0
Wajik;1.99 g;152.0;1.99;34.2;0.68;0.0;70.0;0.0
Lantar;Tidak Diketahui;0.80 g;34.0;2.2;5.5;0.3;0.0;3.0
Lontar;Tidak Diketahui;0.40 g;27.0;0.4;6.0;0.2;0.0;0.0
Tekokak;Tidak Diketahui;1 g;34.0;2.0;7.9;0.1;0.0;3.0
Tekokak kering;8.10 g;302.0;8.3;72.6;1.7;0.0;9.0;21.2
Ikan Kakap;Tidak Diketahui;2.30 g;92.0;20.0;0.0;0.7;0.0;0.0
Ikan Papuyu bakar;3 g;152.0;17.6;6.7;6.1;0.0;320.0;0.0
Udang papay;Tidak Diketahui;11.50 g;273.0;47.8;12.5;3.8;0.0;651.0
san remo pasta sauce wholemeal (mentah);11 g;452.0;19.0;78.0;4.0;4.0;0.0;11.0
san remo pasta sauce spinach fettuccine(mentah);6 g;457.0;15.0;89.0;2.5;4.0;0.0;6.0
Ongol-ongol sagu;0.50 g;111.0;0.3;21.2;2.7;0.0;0.0;0.3
Mangga golek;Tidak Diketahui;0.40 g;63.0;0.5;16.7;0.2;0.0;3.0
Indomie salted Egg;2 g;480.0;11.0;53.0;25.0;6.0;0.0;2.0
Sirup Sunquick Mango;0 g;45.0;0.0;10.0;0.0;9.0;0.0;0.0
Sapi; segar;Tidak Diketahui;1.30 g;123.0;10.4;0.8;8.6;0.0
Susu kental tak manis;1.50 g;138.0;7.0;9.9;7.9;0.0;140.0;0.0
Kucai;Tidak Diketahui;0.90 g;45.0;2.2;10.3;0.3;0.0;21.0
Tumis bandeng;Tidak Diketahui;1.90 g;189.0;11.3;0.6;15.7;0.0;314.0
Biji wijen;17.73 g;573.0;17.73;23.45;49.67;0.0;0.0;0.0
Domino Pizza Extravaganza;2 g;390.0;17.0;38.0;18.0;3.0;970.0;2.0
Daun kacang panjang;Tidak Diketahui;1.10 g;30.0;3.1;5.8;0.3;0.0;7.0
Kacang panjang;Tidak Diketahui;0.50 g;31.0;2.3;5.3;0.1;0.0;30.0
Terung panjang;Tidak Diketahui;0.70 g;25.0;2.1;5.3;0.1;0.0;9.0
Ubi jalar merah;Tidak Diketahui;0.60 g;151.0;1.6;35.4;0.3;0.0;92.0
Ubi jalar putih;Tidak Diketahui;0.80 g;88.0;0.4;20.6;0.4;0.0;2.0
Pork Belly;9.34 g;518.0;9.34;0.0;53.01;0.0;0.0;0.0
Nugget Ayam Akumo;13 g;340.0;13.0;30.0;19.0;0.0;610.0;0.0
NUtrijell Balanced Color Delima;1 g;0.0;0.0;3.0;0.0;1.0;15.0;1.0
Ellenka Fiber Creme;1 g;10.0;0.0;2.0;1.0;0.0;5.0;1.0
Teh pucuk harum;0 g;140.0;0.0;36.0;0.0;36.0;0.0;0.0
Sambal cuk original cabe;4 g;160.0;1.0;9.0;13.0;3.0;0.0;4.0
Sambal cuk ikan roa asap;3 g;220.0;4.0;7.0;20.0;4.0;0.0;3.0
Ladaku Merica Bubuk;0 g;10.0;0.0;2.0;0.0;0.0;0.0;0.0
gerry salut malkist rasa chocolate;2 g;130.0;2.0;19.0;5.0;5.0;120.0;0.0
Lobster;1.88 g;77.0;16.52;0.0;0.75;0.0;423.0;0.0
Teh frestea;0 g;160.0;0.0;40.0;0.0;36.0;0.0;0.0
Baked lotus paste mooncake;1.34 g;191.0;2.78;25.38;8.66;0.0;0.0;1.34
Sushi hand roll unagi;1 g;152.0;9.0;14.0;6.0;1.0;0.0;1.0
Sushi hand roll shrimp;1 g;90.0;8.0;9.0;2.0;0.5;0.0;1.0
Saboko gurita;Tidak Diketahui;4.10 g;87.0;15.7;2.6;1.5;0.0;200.0
Coklat Ritter Sport Whole Almonds;3 g;140.0;3.0;13.0;9.0;9.0;0.0;0.0
Daun paku;Tidak Diketahui;1.20 g;29.0;3.4;6.5;0.1;0.0;19.0
Ketimun krai;Tidak Diketahui;0.50 g;10.0;0.5;2.0;0.2;0.0;10.0
Kranji;Tidak Diketahui;2.90 g;315.0;2.1;73.5;1.4;0.0;0.0
Quaker 3 in 1;1 g;120.0;1.0;22.0;3.0;11.0;0.0;1.0
Ikan Teri; mentah;Tidak Diketahui;20.90 g;277.0;60.0;1.8;2.3;0.0
Heavenly Kitchen Thai Tea Latte;1 g;100.0;1.0;19.0;2.5;0.0;70.0;0.0
Milkita Assorted Milk Candy;0 g;15.0;0.0;14.0;1.5;9.0;5.0;0.0
Kundur;Tidak Diketahui;0.70 g;22.0;0.4;4.7;0.2;0.0;2.0
Lempog durian;1.90 g;320.0;3.5;63.7;5.7;0.0;0.0;4.9
Saladstop Go Geisha;5.80 g;259.2;13.6;31.2;9.6;15.9;0.0;5.8
beng beng shake it;1 g;45.0;1.0;6.0;2.5;0.0;20.0;0.0
F1 Shake Mix;9 g;100.0;9.0;13.0;1.0;0.0;180.0;0.0
Tepung bumbu kobe kentucky super crispy;1 g;70.0;2.0;14.0;0.0;1.0;0.0;1.0
Tepung bumbu kobe bakwan & perkedel;2 g;70.0;2.0;15.0;0.0;1.0;0.0;2.0
Tepung bumbu kobe pisang goreng;2 g;70.0;1.0;16.0;0.0;2.0;0.0;2.0
Tepung bumbu kobe bumbu kalasan;1 g;70.0;0.0;15.0;0.0;3.0;0.0;1.0
Tepung bumbu kobe tempe goreng;1 g;70.0;2.0;14.0;0.0;1.0;0.0;1.0
Ikan Bandeng Presto;Tidak Diketahui;6 g;296.0;17.1;11.3;20.3;0.0;0.0
Haverjoy Havermix Instant Oats & Choco Chips;4 g;25.0;4.0;25.0;3.0;0.0;10.0;0.0
Haverjoy Rolled Oats;4 g;140.0;4.0;24.0;3.5;0.0;0.0;0.0
Susu kedelai V Soy;8 g;188.0;8.0;21.0;8.5;15.0;0.0;0.0
Soyjoy;5 g;150.0;5.0;12.0;9.0;7.0;0.0;5.0
Soylicious sweetened;7 g;70.0;7.0;6.0;3.5;0.0;0.0;0.0
Keripik singkong bumbu;2.30 g;481.0;2.2;73.6;19.7;0.0;0.0;1.6
Serimping talas kebumen;2.30 g;478.0;2.5;69.2;21.2;0.0;0.0;1.7
Cadbury Dairy Milk Oreo;2 g;100.0;2.0;17.0;11.0;13.0;60.0;0.0
Top Avocado Coffee;1 g;90.0;1.0;15.0;3.0;10.0;25.0;0.0
Daun singkong ampenan;Tidak Diketahui;1.20 g;50.0;6.2;7.1;1.1;0.0;49.0
Pisang mas bali ampenan;Tidak Diketahui;0.50 g;92.0;1.4;21.0;0.2;0.0;32.0
Lawar penyu;Tidak Diketahui;1.60 g;141.0;23.0;7.6;1.5;0.0;0.0
Daun gunda serang;Tidak Diketahui;1.10 g;62.0;4.2;9.2;0.9;0.0;0.0
Penyu; masakan;Tidak Diketahui;1.20 g;174.0;13.1;2.2;12.2;0.0
Anlene (cokelat);7 g;135.0;7.0;21.0;3.0;20.0;0.0;0.0
Energen sereal cokelat;1 g;130.0;1.0;23.0;3.5;17.0;0.0;1.0
Nutrive Benecol;0 g;60.0;1.0;9.0;2.0;4.0;0.0;0.0
Sale kesemek;1.80 g;296.0;1.1;71.4;0.6;0.0;0.0;0.0
buah pir / pear;83.96 g;57.0;0.36;15.23;0.14;0.0;1.0;3.1
Ikan salmon;1.33 g;179.0;19.93;0.0;10.43;0.0;47.0;0.0
Ikan Pepetek;Tidak Diketahui;28.60 g;176.0;32.0;2.0;4.4;0.0;79.0
Ketimun; timun; segar;Tidak Diketahui;0.30 g;8.0;0.2;1.4;0.2
A&W Root beer float;0 g;350.0;2.0;77.0;5.0;64.0;0.0;0.0
Indomie tengkleng;7 g;350.0;9.0;45.0;14.0;2.0;0.0;7.0
V-soy Multigrain;1.20 g;138.0;5.4;15.2;6.0;14.0;106.0;1.2
Sukiyaki;Tidak Diketahui;0.80 g;75.0;5.6;12.2;0.4;0.0;426.0
Jules drestrooper speculoos;3 g;545.0;3.0;53.0;35.0;41.0;600.0;0.0
Balingo;Tidak Diketahui;0.30 g;15.0;0.4;3.0;0.2;0.0;2.0
Daun gunda bali;Tidak Diketahui;1.10 g;50.0;4.6;7.0;0.9;0.0;0.0
Kacang ranti polong;0.30 g;37.0;3.1;7.9;0.2;0.0;0.0;2.5
Jambu biji putih tidak berbiji;0.60 g;61.0;0.9;15.4;0.3;0.0;20.0;4.5
Kerbau; segar;Tidak Diketahui;0.80 g;79.0;18.7;0.0;0.5;0.0
Ikan Terbang;Tidak Diketahui;1.60 g;98.0;19.6;1.0;1.7;0.0;90.0
Bluberry;7.50 g;317.0;2.5;80.0;2.5;0.0;0.0;7.5
Selai Smucker's Blueberry;0 g;50.0;0.0;13.0;0.0;12.0;0.0;0.0
Gilus mix aroma vanila (isi 10 sachet);1 g;90.0;1.0;21.0;0.5;17.0;0.0;0.0
Petai;Tidak Diketahui;1.10 g;92.0;5.4;15.2;1.1;0.0;55.0
Nagasari;2.09 g;154.0;2.09;30.25;2.87;0.0;91.0;0.0
Petis ikan;3 g;165.0;20.0;20.8;0.2;0.0;0.0;0.0
Saus Curry;1 g;70.0;1.0;7.0;4.5;5.0;0.0;1.0
Bihunku white curry;2 g;220.0;2.0;38.0;6.0;4.0;0.0;0.0
Steamed Beancurd Sheet Roll;6.20 g;150.0;6.2;3.0;12.0;0.0;250.0;0.0
Froot Loops;3 g;120.0;2.0;26.0;0.5;11.0;0.0;3.0
Mcfloat;1.04 g;107.0;1.04;1.36;11.03;0.0;25.0;0.0
Daun mangkokan;Tidak Diketahui;2.20 g;57.0;3.7;11.8;0.3;0.0;0.0
Kokosan;Tidak Diketahui;0.20 g;86.0;1.6;13.0;0.2;0.0;2.0
Coolant minuman;0 g;100.0;0.0;25.0;0.0;23.0;0.0;0.0
Etira singkong stik;3 g;170.0;1.0;40.0;1.0;0.0;0.0;3.0
Kacang merah kering;2.90 g;314.0;22.1;56.2;1.1;0.0;11.0;4.0
Sariroti roti sobek coklat;2 g;370.0;7.0;56.0;13.0;17.0;250.0;2.0
Roti Mr.Bread sobek keju;5 g;200.0;5.0;33.0;6.0;0.0;250.0;0.0
Roti Sobek Cokelat Keju Sari Roti;6 g;350.0;9.0;51.0;12.0;16.0;500.0;6.0
Domba; segar;Tidak Diketahui;1.30 g;100.0;16.6;1.0;3.3;0.0
YUPI BOLICIOUS VERY STRAWBERRY;1 g;50.0;1.0;12.0;0.0;0.0;5.0;0.0
Yupi Fruit Bites;1 g;0.0;1.0;12.0;0.0;6.0;0.0;0.0
Ikan Dendeng mujahir;Tidak Diketahui;14.10 g;582.0;68.3;37.2;15.2;0.0;0.0
Dendeng mujahir goreng;Tidak Diketahui;13.10 g;598.0;74.3;9.2;26.9;0.0;0.0
chicken nugget;15.58 g;297.0;15.58;16.32;18.82;0.0;574.0;0.0
belfoods chicken Nugget crunch;15 g;290.0;15.0;15.0;19.0;0.0;460.0;0.0
Champ Combination Chicken Nugget;12 g;90.0;12.0;8.0;20.0;0.0;720.0;0.0
Selada;Tidak Diketahui;0.90 g;18.0;1.2;2.9;0.2;0.0;19.0
Selada rebus;0.70 g;19.0;2.7;2.9;0.2;0.0;24.0;0.7
Teri belado;Tidak Diketahui;10.90 g;365.0;23.7;17.5;22.3;0.0;0.0
Daun lobak;Tidak Diketahui;1.40 g;30.0;2.3;5.8;0.4;0.0;16.0
Lobak;Tidak Diketahui;0.70 g;21.0;0.9;4.2;0.1;0.0;49.0
Swallow Globe Agar Agar Bubuk Vanilla;0 g;5.0;0.0;2.0;0.0;0.0;0.0;0.0
Saboko saltan;Tidak Diketahui;0.30 g;113.0;17.1;3.0;3.6;0.0;40.0
Saboko sardin;Tidak Diketahui;7.90 g;110.0;12.9;4.9;4.3;0.0;200.0
Lawar babi;Tidak Diketahui;1.20 g;174.0;17.0;3.0;10.0;0.0;0.0
Lawara jangang;Tidak Diketahui;1.60 g;159.0;5.0;10.1;10.9;0.0;400.0
susu anlene gold plus Hi-Calsium;6 g;10.0;6.0;20.0;1.0;0.0;90.0;0.0
A&W;0 g;170.0;0.0;43.0;0.0;43.0;0.0;0.0
A&W root beer;0 g;290.0;0.0;78.0;0.0;75.0;0.0;0.0
A&W burger mozza;2 g;550.0;25.0;43.0;33.0;12.0;0.0;2.0
A&W Burger cheeseburger;1 g;398.0;15.0;39.0;21.0;9.0;0.0;1.0
V-soy Soya bean Milk Low Sugar;2.70 g;56.0;2.7;5.2;2.7;2.2;0.0;0.0
Prenagen Esensis;6 g;150.0;6.0;29.0;1.0;0.0;150.0;0.0
Pisang ketip;Tidak Diketahui;0.70 g;145.0;1.1;34.5;0.3;0.0;4.0
Sapi; dendeng; mentah;Tidak Diketahui;2.50 g;365.0;49.6;30.8;4.8
Kacang tanah rebus dengan kulit;2.30 g;360.0;13.5;12.8;31.2;0.0;32.0;0.0
